Date,Open,High,Low,Close,Adj Close,Volume,ticker
2024-02-05T00:00:00.000Z,723.0,725.9500122070312,717.0250244140625,722.4249877929688,691.7467651367188,38605046,HDFCBANK.NS
2024-02-06T00:00:00.000Z,722.7750244140625,724.8499755859375,716.2999877929688,722.0499877929688,691.3876953125,41075740,HDFCBANK.NS
2024-02-07T00:00:00.000Z,726.5,726.9000244140625,713.3250122070312,714.9749755859375,684.6131591796875,54837086,HDFCBANK.NS
2024-02-08T00:00:00.000Z,714.9249877929688,719.4749755859375,700.25,701.5250244140625,671.7343139648438,69106124,HDFCBANK.NS
2024-02-09T00:00:00.000Z,696.0750122070312,707.0999755859375,693.5,701.7999877929688,671.9976196289062,56642124,HDFCBANK.NS
2024-02-12T00:00:00.000Z,699.8250122070312,706.8250122070312,691.6749877929688,695.0,665.4864501953125,34447812,HDFCBANK.NS
2024-02-13T00:00:00.000Z,695.9749755859375,702.1749877929688,692.1749877929688,697.2249755859375,667.6168823242188,57580994,HDFCBANK.NS
2024-02-14T00:00:00.000Z,688.0,695.75,681.7750244140625,692.0250244140625,662.6378173828125,91320810,HDFCBANK.NS
2024-02-15T00:00:00.000Z,692.5,707.75,692.1749877929688,707.0250244140625,677.0007934570312,41584944,HDFCBANK.NS
2024-02-16T00:00:00.000Z,711.9500122070312,713.8499755859375,704.2249755859375,709.9500122070312,679.8015747070312,32175742,HDFCBANK.NS
2024-02-19T00:00:00.000Z,714.5,714.5,707.5999755859375,708.5499877929688,678.4610595703125,34451756,HDFCBANK.NS
2024-02-20T00:00:00.000Z,707.5,728.625,705.9000244140625,727.1500244140625,696.2711791992188,56133508,HDFCBANK.NS
2024-02-21T00:00:00.000Z,732.0,732.0,717.5,719.5750122070312,689.017822265625,45893136,HDFCBANK.NS
2024-02-22T00:00:00.000Z,708.875,714.4000244140625,706.0999755859375,709.7750244140625,679.634033203125,50560882,HDFCBANK.NS
2024-02-23T00:00:00.000Z,711.2750244140625,716.9500122070312,709.0,710.2999877929688,680.1366577148438,29833452,HDFCBANK.NS
2024-02-26T00:00:00.000Z,706.7750244140625,717.4249877929688,706.7750244140625,711.1500244140625,680.9505615234375,23506870,HDFCBANK.NS
2024-02-27T00:00:00.000Z,706.7750244140625,713.3499755859375,706.5250244140625,710.0750122070312,679.9212036132812,32087150,HDFCBANK.NS
2024-02-28T00:00:00.000Z,710.0750122070312,712.0999755859375,702.0,704.7000122070312,674.7745361328125,25321986,HDFCBANK.NS
2024-02-29T00:00:00.000Z,701.0499877929688,705.2000122070312,698.6500244140625,701.7000122070312,671.9019165039062,53295700,HDFCBANK.NS
2024-03-01T00:00:00.000Z,700.0,716.375,700.0,715.375,684.9961547851562,34738898,HDFCBANK.NS
2024-03-04T00:00:00.000Z,715.4749755859375,718.5,712.1500244140625,716.3499755859375,685.9296875,35616474,HDFCBANK.NS
2024-03-05T00:00:00.000Z,711.0,721.5,710.8250122070312,720.4249877929688,689.8316650390625,37991672,HDFCBANK.NS
2024-03-06T00:00:00.000Z,716.7750244140625,726.4249877929688,716.7750244140625,721.2999877929688,690.6695556640625,42409530,HDFCBANK.NS
2024-03-07T00:00:00.000Z,722.75,725.5250244140625,720.7000122070312,723.0499877929688,692.34521484375,49348046,HDFCBANK.NS
2024-03-11T00:00:00.000Z,715.0,722.9749755859375,711.5,713.9000244140625,683.5838012695312,50531094,HDFCBANK.NS
2024-03-12T00:00:00.000Z,717.0,732.0,714.625,729.7750244140625,698.7847290039062,65418454,HDFCBANK.NS
2024-03-13T00:00:00.000Z,732.75,735.7999877929688,725.0499877929688,730.2000122070312,699.1915893554688,63067454,HDFCBANK.NS
2024-03-14T00:00:00.000Z,731.0499877929688,733.0,722.1500244140625,727.7249755859375,696.8216552734375,52432158,HDFCBANK.NS
2024-03-15T00:00:00.000Z,725.0,729.6500244140625,721.125,726.3250122070312,695.4811401367188,143613804,HDFCBANK.NS
2024-03-18T00:00:00.000Z,723.5,728.0,717.9000244140625,723.0250244140625,692.3213500976562,21437856,HDFCBANK.NS
2024-03-19T00:00:00.000Z,717.75,726.2000122070312,717.75,724.6749877929688,693.9011840820312,36183594,HDFCBANK.NS
2024-03-20T00:00:00.000Z,724.5250244140625,725.8250122070312,712.3250122070312,715.5250244140625,685.1397705078125,43606094,HDFCBANK.NS
2024-03-21T00:00:00.000Z,721.2999877929688,725.625,719.1500244140625,722.875,692.1776123046875,28922860,HDFCBANK.NS
2024-03-22T00:00:00.000Z,720.5,725.375,718.875,721.4249877929688,690.7891845703125,45980326,HDFCBANK.NS
2024-03-26T00:00:00.000Z,713.5999755859375,718.9749755859375,711.0750122070312,712.7000122070312,682.434814453125,56844290,HDFCBANK.NS
2024-03-27T00:00:00.000Z,711.7750244140625,723.9749755859375,710.625,720.3499755859375,689.7598876953125,62168668,HDFCBANK.NS
2024-03-28T00:00:00.000Z,720.3499755859375,730.25,720.3499755859375,723.9500122070312,693.2069702148438,55592142,HDFCBANK.NS
2024-04-01T00:00:00.000Z,729.0,736.9000244140625,727.7999877929688,735.25,704.027099609375,25199570,HDFCBANK.NS
2024-04-02T00:00:00.000Z,732.5750122070312,747.4249877929688,731.625,740.0750122070312,708.6472778320312,41225446,HDFCBANK.NS
2024-04-03T00:00:00.000Z,736.0499877929688,747.8250122070312,735.7000122070312,741.1500244140625,709.6765747070312,45584386,HDFCBANK.NS
2024-04-04T00:00:00.000Z,752.0,765.0,752.0,763.7999877929688,731.36474609375,88935066,HDFCBANK.NS
2024-04-05T00:00:00.000Z,769.5,777.25,765.0750122070312,774.7750244140625,741.8737182617188,59055902,HDFCBANK.NS
2024-04-08T00:00:00.000Z,777.4749755859375,778.625,770.7750244140625,773.2999877929688,740.4613647460938,20482940,HDFCBANK.NS
2024-04-09T00:00:00.000Z,777.4249877929688,777.4249877929688,770.1500244140625,774.2750244140625,741.3949584960938,21884494,HDFCBANK.NS
2024-04-10T00:00:00.000Z,774.9500122070312,774.9500122070312,766.4749755859375,768.1749877929688,735.5540161132812,27807400,HDFCBANK.NS
2024-04-12T00:00:00.000Z,760.5,764.9249877929688,756.7249755859375,759.4749755859375,727.223388671875,41084208,HDFCBANK.NS
2024-04-15T00:00:00.000Z,748.7750244140625,755.0,746.0250244140625,747.3499755859375,715.61328125,23415248,HDFCBANK.NS
2024-04-16T00:00:00.000Z,743.5,756.4500122070312,741.125,754.625,722.5794067382812,20744886,HDFCBANK.NS
2024-04-18T00:00:00.000Z,754.9000244140625,759.4249877929688,745.5250244140625,747.3499755859375,715.61328125,34234884,HDFCBANK.NS
2024-04-19T00:00:00.000Z,743.2750244140625,767.4749755859375,740.125,765.6500244140625,733.13623046875,34576434,HDFCBANK.NS
2024-04-22T00:00:00.000Z,778.7000122070312,778.7000122070312,754.1500244140625,756.0999755859375,723.99169921875,42298438,HDFCBANK.NS
2024-04-23T00:00:00.000Z,763.1500244140625,763.25,751.625,753.7999877929688,721.7894287109375,26827060,HDFCBANK.NS
2024-04-24T00:00:00.000Z,757.5,760.875,754.5250244140625,755.8499755859375,723.7523803710938,22441580,HDFCBANK.NS
2024-04-25T00:00:00.000Z,753.125,759.8499755859375,753.125,755.375,723.2975463867188,35445204,HDFCBANK.NS
2024-04-26T00:00:00.000Z,759.9000244140625,764.0,752.7750244140625,754.9000244140625,722.8427124023438,24854694,HDFCBANK.NS
2024-04-29T00:00:00.000Z,757.5,767.2249755859375,753.2750244140625,764.75,732.2744140625,36093350,HDFCBANK.NS
2024-04-30T00:00:00.000Z,764.5999755859375,769.75,757.4500122070312,760.0499877929688,727.7739868164062,52307382,HDFCBANK.NS
2024-05-02T00:00:00.000Z,761.0,768.5,760.1749877929688,766.125,733.591064453125,33475006,HDFCBANK.NS
2024-05-03T00:00:00.000Z,766.625,770.2999877929688,753.5999755859375,759.7999877929688,727.53466796875,31865242,HDFCBANK.NS
2024-05-06T00:00:00.000Z,761.0,767.25,758.5750122070312,761.3250122070312,728.994873046875,28793396,HDFCBANK.NS
2024-05-07T00:00:00.000Z,760.9749755859375,762.0250244140625,752.0750122070312,753.0750122070312,721.0951538085938,28480602,HDFCBANK.NS
2024-05-08T00:00:00.000Z,747.9749755859375,748.4749755859375,740.1749877929688,741.3250122070312,709.8441772460938,41687862,HDFCBANK.NS
2024-05-09T00:00:00.000Z,737.4749755859375,743.375,722.6500244140625,723.75,693.0155029296875,46281278,HDFCBANK.NS
2024-05-10T00:00:00.000Z,719.5,725.9749755859375,713.4000244140625,718.9500122070312,697.8200073242188,27276608,HDFCBANK.NS
2024-05-13T00:00:00.000Z,716.0,729.9000244140625,715.1500244140625,727.625,706.2400512695312,27047202,HDFCBANK.NS
2024-05-14T00:00:00.000Z,726.125,732.75,725.1500244140625,730.4749755859375,709.0062866210938,25665142,HDFCBANK.NS
2024-05-15T00:00:00.000Z,729.8499755859375,729.8499755859375,717.9000244140625,719.25,698.1112060546875,38931996,HDFCBANK.NS
2024-05-16T00:00:00.000Z,723.0250244140625,731.2750244140625,717.75,730.125,708.6665649414062,34945236,HDFCBANK.NS
2024-05-17T00:00:00.000Z,723.0999755859375,734.0,723.0999755859375,732.0499877929688,710.5349731445312,20920190,HDFCBANK.NS
2024-05-21T00:00:00.000Z,725.0499877929688,734.8499755859375,725.0499877929688,729.4000244140625,707.962890625,43769978,HDFCBANK.NS
2024-05-22T00:00:00.000Z,728.9249877929688,732.7999877929688,724.0750122070312,729.5999755859375,708.156982421875,39996278,HDFCBANK.NS
2024-05-23T00:00:00.000Z,729.3250122070312,747.8250122070312,728.5250244140625,746.2999877929688,724.3661499023438,40861920,HDFCBANK.NS
2024-05-24T00:00:00.000Z,743.75,759.9500122070312,743.0,758.5999755859375,736.3046875,31060206,HDFCBANK.NS
2024-05-27T00:00:00.000Z,761.6749877929688,772.5,759.5250244140625,763.8499755859375,741.400390625,29385440,HDFCBANK.NS
2024-05-28T00:00:00.000Z,765.0499877929688,768.0250244140625,762.4000244140625,765.25,742.75927734375,27908904,HDFCBANK.NS
2024-05-29T00:00:00.000Z,759.0,761.9249877929688,750.625,754.1500244140625,731.9854736328125,35147706,HDFCBANK.NS
2024-05-30T00:00:00.000Z,749.5999755859375,761.7999877929688,748.8250122070312,757.4249877929688,735.1642456054688,33755350,HDFCBANK.NS
2024-05-31T00:00:00.000Z,759.5,768.0,757.0,765.7750244140625,743.2688598632812,74079588,HDFCBANK.NS
2024-06-03T00:00:00.000Z,799.5,799.5,775.0,786.0999755859375,762.9964599609375,72637256,HDFCBANK.NS
2024-06-04T00:00:00.000Z,778.5,779.5,727.0,741.5750122070312,719.7800903320312,89531240,HDFCBANK.NS
2024-06-05T00:00:00.000Z,747.0250244140625,779.7999877929688,741.1749877929688,775.9000244140625,753.0963134765625,81631650,HDFCBANK.NS
2024-06-06T00:00:00.000Z,782.4500122070312,782.7249755859375,773.2999877929688,779.8499755859375,756.9301147460938,46422870,HDFCBANK.NS
2024-06-07T00:00:00.000Z,780.5250244140625,792.1749877929688,776.0250244140625,786.6749877929688,763.5545043945312,36712216,HDFCBANK.NS
2024-06-10T00:00:00.000Z,787.0,790.3250122070312,778.7999877929688,780.6500244140625,757.7067260742188,22454058,HDFCBANK.NS
2024-06-11T00:00:00.000Z,778.0,785.5,776.0999755859375,782.4000244140625,759.4052124023438,29545326,HDFCBANK.NS
2024-06-12T00:00:00.000Z,787.5,794.1500244140625,783.2000122070312,787.0750122070312,763.9428100585938,39280436,HDFCBANK.NS
2024-06-13T00:00:00.000Z,790.875,792.8499755859375,787.0,790.375,767.1458129882812,24120192,HDFCBANK.NS
2024-06-14T00:00:00.000Z,792.0,799.5,788.8499755859375,798.4500122070312,774.9835205078125,25540554,HDFCBANK.NS
2024-06-18T00:00:00.000Z,798.4500122070312,805.25,794.7249755859375,803.9000244140625,780.2733764648438,32415714,HDFCBANK.NS
2024-06-19T00:00:00.000Z,806.7000122070312,834.9500122070312,802.0,828.9249877929688,804.5628051757812,90131196,HDFCBANK.NS
2024-06-20T00:00:00.000Z,834.9000244140625,840.7249755859375,826.0,834.6749877929688,810.1438598632812,41408742,HDFCBANK.NS
2024-06-21T00:00:00.000Z,836.4249877929688,836.4249877929688,821.5750122070312,832.875,808.3967895507812,51630776,HDFCBANK.NS
2024-06-24T00:00:00.000Z,823.5,837.5499877929688,822.875,836.2000122070312,811.6240234375,28544994,HDFCBANK.NS
2024-06-25T00:00:00.000Z,835.5499877929688,858.4749755859375,835.5499877929688,855.6749877929688,830.5266723632812,74521548,HDFCBANK.NS
2024-06-26T00:00:00.000Z,853.9749755859375,855.4500122070312,845.5499877929688,850.75,825.7464599609375,47596666,HDFCBANK.NS
2024-06-27T00:00:00.000Z,848.0499877929688,856.5,843.2999877929688,848.0750122070312,823.1500244140625,55074650,HDFCBANK.NS
2024-06-28T00:00:00.000Z,848.7999877929688,853.2999877929688,839.5,841.9000244140625,817.1565551757812,26476046,HDFCBANK.NS
2024-07-01T00:00:00.000Z,840.0,853.6500244140625,840.0,852.5999755859375,827.5419921875,21187024,HDFCBANK.NS
2024-07-02T00:00:00.000Z,857.5,867.4500122070312,851.375,865.2999877929688,839.8687744140625,45921690,HDFCBANK.NS
2024-07-03T00:00:00.000Z,895.5,897.0,882.3250122070312,884.3250122070312,858.3346557617188,123217802,HDFCBANK.NS
2024-07-04T00:00:00.000Z,879.875,879.875,862.4249877929688,863.5750122070312,838.1945190429688,45848658,HDFCBANK.NS
2024-07-05T00:00:00.000Z,842.5,842.5,821.0999755859375,824.0499877929688,799.8310546875,82242548,HDFCBANK.NS
2024-07-08T00:00:00.000Z,822.6500244140625,827.4749755859375,813.5750122070312,817.6749877929688,793.6434326171875,39087800,HDFCBANK.NS
2024-07-09T00:00:00.000Z,812.5,823.3499755859375,810.1749877929688,818.25,794.2015991210938,48550878,HDFCBANK.NS
2024-07-10T00:00:00.000Z,814.9749755859375,820.0,810.375,813.0499877929688,789.1544799804688,45507182,HDFCBANK.NS
2024-07-11T00:00:00.000Z,811.9749755859375,812.9249877929688,800.5,810.9500122070312,787.1161499023438,44177074,HDFCBANK.NS
2024-07-12T00:00:00.000Z,811.0,819.2000122070312,805.5750122070312,811.3499755859375,787.50439453125,56049960,HDFCBANK.NS
2024-07-15T00:00:00.000Z,811.75,814.9000244140625,807.5999755859375,811.0499877929688,787.2131958007812,33375694,HDFCBANK.NS
2024-07-16T00:00:00.000Z,810.375,813.5,808.4000244140625,809.875,786.0726928710938,28950324,HDFCBANK.NS
2024-07-18T00:00:00.000Z,804.0,811.9749755859375,799.5750122070312,807.4000244140625,783.6705322265625,33717064,HDFCBANK.NS
2024-07-19T00:00:00.000Z,808.0,811.5,801.75,803.6500244140625,780.0307006835938,26002152,HDFCBANK.NS
2024-07-22T00:00:00.000Z,808.5,825.5,806.3250122070312,821.2750244140625,797.1376953125,53744822,HDFCBANK.NS
2024-07-23T00:00:00.000Z,823.7750244140625,823.9000244140625,802.5,809.2000122070312,785.4176025390625,52002152,HDFCBANK.NS
2024-07-24T00:00:00.000Z,804.0750122070312,810.5,794.0250244140625,802.0250244140625,778.4534912109375,61728206,HDFCBANK.NS
2024-07-25T00:00:00.000Z,796.5,812.5,796.5,808.2999877929688,784.5440063476562,25535732,HDFCBANK.NS
2024-07-26T00:00:00.000Z,802.5,810.875,798.2249755859375,809.0750122070312,785.2962646484375,43810540,HDFCBANK.NS
2024-07-29T00:00:00.000Z,807.5,815.9249877929688,799.1500244140625,802.5250244140625,778.938720703125,51001148,HDFCBANK.NS
2024-07-30T00:00:00.000Z,801.0,817.375,799.5,807.7750244140625,784.0344848632812,54595834,HDFCBANK.NS
2024-07-31T00:00:00.000Z,807.0,813.9500122070312,804.5999755859375,807.875,784.1314697265625,37820484,HDFCBANK.NS
2024-08-01T00:00:00.000Z,811.4500122070312,825.0250244140625,808.9749755859375,819.4000244140625,795.3178100585938,26215174,HDFCBANK.NS
2024-08-02T00:00:00.000Z,815.5,835.25,815.5,829.5750122070312,805.1937255859375,44119238,HDFCBANK.NS
2024-08-05T00:00:00.000Z,820.0499877929688,823.0,800.5,807.875,784.1314697265625,41333634,HDFCBANK.NS
2024-08-06T00:00:00.000Z,815.0,816.4749755859375,796.6500244140625,800.5999755859375,777.0702514648438,45116050,HDFCBANK.NS
2024-08-07T00:00:00.000Z,808.5,815.0,801.0999755859375,811.75,787.8926391601562,42346264,HDFCBANK.NS
2024-08-08T00:00:00.000Z,812.0,826.6500244140625,809.625,821.3499755859375,797.21044921875,33976950,HDFCBANK.NS
2024-08-09T00:00:00.000Z,826.0,831.2750244140625,822.9000244140625,825.0999755859375,800.8502197265625,26644618,HDFCBANK.NS
2024-08-12T00:00:00.000Z,826.0,837.9749755859375,823.6749877929688,830.0499877929688,805.65478515625,39316196,HDFCBANK.NS
2024-08-13T00:00:00.000Z,814.0,816.2000122070312,800.5750122070312,801.5999755859375,778.0409545898438,54055042,HDFCBANK.NS
2024-08-14T00:00:00.000Z,803.25,806.8499755859375,801.5999755859375,803.9000244140625,780.2733764648438,32334428,HDFCBANK.NS
2024-08-16T00:00:00.000Z,814.25,817.0750122070312,805.5,816.0499877929688,792.0662231445312,27849246,HDFCBANK.NS
2024-08-19T00:00:00.000Z,818.8250122070312,818.8250122070312,811.8499755859375,815.7750244140625,791.7993774414062,19502164,HDFCBANK.NS
2024-08-20T00:00:00.000Z,813.7249755859375,823.0,813.7249755859375,818.8499755859375,794.783935546875,31134494,HDFCBANK.NS
2024-08-21T00:00:00.000Z,814.0499877929688,817.2750244140625,808.9000244140625,812.9000244140625,789.0088500976562,47630904,HDFCBANK.NS
2024-08-22T00:00:00.000Z,816.0,819.1500244140625,814.0,815.6500244140625,791.6781005859375,21300638,HDFCBANK.NS
2024-08-23T00:00:00.000Z,817.0,817.0,811.5,812.5250244140625,788.6448974609375,20333422,HDFCBANK.NS
2024-08-26T00:00:00.000Z,816.0999755859375,823.9749755859375,816.0999755859375,819.9749755859375,795.8758544921875,22364266,HDFCBANK.NS
2024-08-27T00:00:00.000Z,821.7000122070312,823.7000122070312,816.0999755859375,818.875,794.8082275390625,35773244,HDFCBANK.NS
2024-08-28T00:00:00.000Z,818.875,819.875,815.0999755859375,818.5499877929688,794.4927368164062,26921188,HDFCBANK.NS
2024-08-29T00:00:00.000Z,821.0,822.2000122070312,815.5750122070312,819.2750244140625,795.1964721679688,49052604,HDFCBANK.NS
2024-08-30T00:00:00.000Z,828.0,831.0,810.5750122070312,818.4500122070312,794.395751953125,445342100,HDFCBANK.NS
2024-09-02T00:00:00.000Z,823.4000244140625,823.4000244140625,811.5999755859375,813.4749755859375,789.56689453125,34049680,HDFCBANK.NS
2024-09-03T00:00:00.000Z,817.0,819.9749755859375,812.2999877929688,818.6749877929688,794.6140747070312,37282860,HDFCBANK.NS
2024-09-04T00:00:00.000Z,819.5,822.4000244140625,816.0,820.9000244140625,796.7737426757812,24682744,HDFCBANK.NS
2024-09-05T00:00:00.000Z,823.0,824.9500122070312,821.0,822.7249755859375,798.5451049804688,22876318,HDFCBANK.NS
2024-09-06T00:00:00.000Z,819.1500244140625,823.875,817.0499877929688,818.4749755859375,794.419921875,26029602,HDFCBANK.NS
2024-09-09T00:00:00.000Z,819.0,824.25,815.0499877929688,823.25,799.0546875,23792914,HDFCBANK.NS
2024-09-10T00:00:00.000Z,827.0,827.0,819.0,825.1749877929688,800.9230346679688,26606646,HDFCBANK.NS
2024-09-11T00:00:00.000Z,825.2000122070312,826.25,819.5999755859375,821.9500122070312,797.7928466796875,22226684,HDFCBANK.NS
2024-09-12T00:00:00.000Z,827.0,835.0,823.5250244140625,833.2999877929688,808.8092651367188,32424046,HDFCBANK.NS
2024-09-13T00:00:00.000Z,837.0,837.0,828.5250244140625,832.9749755859375,808.4937744140625,23860532,HDFCBANK.NS
2024-09-16T00:00:00.000Z,833.5,838.9000244140625,832.0250244140625,835.4749755859375,810.9203491210938,15172820,HDFCBANK.NS
2024-09-17T00:00:00.000Z,839.0,839.0,832.0750122070312,834.4000244140625,809.876953125,20127122,HDFCBANK.NS
2024-09-18T00:00:00.000Z,835.9249877929688,849.4500122070312,835.5499877929688,847.4000244140625,822.494873046875,40917342,HDFCBANK.NS
2024-09-19T00:00:00.000Z,849.5999755859375,859.5,849.5750122070312,854.25,829.1435546875,30651776,HDFCBANK.NS
2024-09-20T00:00:00.000Z,858.25,872.4749755859375,853.7750244140625,870.5999755859375,845.0130004882812,60623386,HDFCBANK.NS
2024-09-23T00:00:00.000Z,874.5,883.1749877929688,870.125,879.9000244140625,854.0396728515625,26965350,HDFCBANK.NS
2024-09-24T00:00:00.000Z,882.5,890.8250122070312,877.125,884.0250244140625,858.0435180664062,33039036,HDFCBANK.NS
2024-09-25T00:00:00.000Z,880.0750122070312,894.0,880.0750122070312,889.5499877929688,863.4060668945312,31965312,HDFCBANK.NS
2024-09-26T00:00:00.000Z,886.5250244140625,894.0,884.0250244140625,891.7249755859375,865.5171508789062,31899644,HDFCBANK.NS
2024-09-27T00:00:00.000Z,888.5,889.0999755859375,875.0,876.3250122070312,850.5697021484375,35613502,HDFCBANK.NS
2024-09-30T00:00:00.000Z,874.4000244140625,875.7249755859375,862.2000122070312,866.0250244140625,840.572509765625,26383534,HDFCBANK.NS
2024-10-01T00:00:00.000Z,862.0,871.0,860.0499877929688,863.0999755859375,837.7334594726562,24572284,HDFCBANK.NS
2024-10-03T00:00:00.000Z,857.8250122070312,863.0750122070312,836.6749877929688,841.0,816.282958984375,48473398,HDFCBANK.NS
2024-10-04T00:00:00.000Z,837.25,845.3250122070312,826.5,828.8250122070312,804.4657592773438,48683232,HDFCBANK.NS
2024-10-07T00:00:00.000Z,826.0999755859375,829.5,806.5,808.9000244140625,785.1264038085938,94458296,HDFCBANK.NS
2024-10-08T00:00:00.000Z,815.0,828.4000244140625,811.0,825.5250244140625,801.2628173828125,29734406,HDFCBANK.NS
2024-10-09T00:00:00.000Z,824.75,828.375,814.3499755859375,816.5750122070312,792.5758056640625,41125642,HDFCBANK.NS
2024-10-10T00:00:00.000Z,819.5,832.7249755859375,816.25,831.2000122070312,806.7709350585938,21754766,HDFCBANK.NS
2024-10-11T00:00:00.000Z,832.2249755859375,832.2249755859375,821.625,825.5,801.238525390625,23672594,HDFCBANK.NS
2024-10-14T00:00:00.000Z,828.0250244140625,846.0250244140625,827.0,844.0499877929688,819.2433471679688,18527508,HDFCBANK.NS
2024-10-15T00:00:00.000Z,847.0,849.0,837.75,842.0499877929688,817.3021240234375,19651130,HDFCBANK.NS
2024-10-16T00:00:00.000Z,840.0499877929688,853.9749755859375,840.0499877929688,849.9000244140625,824.92138671875,20470682,HDFCBANK.NS
2024-10-17T00:00:00.000Z,847.4749755859375,848.8250122070312,832.5999755859375,836.5750122070312,811.988037109375,14695732,HDFCBANK.NS
2024-10-18T00:00:00.000Z,831.5499877929688,845.5,827.0499877929688,840.9249877929688,816.2101440429688,24809724,HDFCBANK.NS
2024-10-21T00:00:00.000Z,857.5,874.0750122070312,855.5250244140625,864.3499755859375,838.9466552734375,46548354,HDFCBANK.NS
2024-10-22T00:00:00.000Z,865.0250244140625,870.0,855.3499755859375,857.2750244140625,832.07958984375,38875280,HDFCBANK.NS
2024-10-23T00:00:00.000Z,852.5250244140625,873.25,852.5250244140625,867.9000244140625,842.3923950195312,38036090,HDFCBANK.NS
2024-10-24T00:00:00.000Z,869.0499877929688,884.3250122070312,869.0499877929688,874.8250122070312,849.1138916015625,30832258,HDFCBANK.NS
2024-10-25T00:00:00.000Z,877.5,878.9249877929688,864.3499755859375,871.7000122070312,846.0807495117188,26130478,HDFCBANK.NS
2024-10-28T00:00:00.000Z,871.0,875.5,864.4500122070312,867.0999755859375,841.6158447265625,22012142,HDFCBANK.NS
2024-10-29T00:00:00.000Z,863.0750122070312,882.0,862.5499877929688,875.9249877929688,850.1815185546875,35794926,HDFCBANK.NS
2024-10-30T00:00:00.000Z,871.0,877.375,862.0999755859375,867.2999877929688,841.8099975585938,32715724,HDFCBANK.NS
2024-10-31T00:00:00.000Z,864.0,869.4500122070312,859.7000122070312,867.8499755859375,842.3438110351562,22895912,HDFCBANK.NS
2024-11-01T00:00:00.000Z,866.5,872.0499877929688,863.0499877929688,868.6500244140625,843.120361328125,1759692,HDFCBANK.NS
2024-11-04T00:00:00.000Z,872.5,872.5,855.4500122070312,857.0499877929688,831.8612060546875,28089248,HDFCBANK.NS
2024-11-05T00:00:00.000Z,851.5,881.3499755859375,848.9500122070312,878.9249877929688,853.0933227539062,44232406,HDFCBANK.NS
2024-11-06T00:00:00.000Z,885.75,885.75,872.6749877929688,877.625,851.83154296875,27787910,HDFCBANK.NS
2024-11-07T00:00:00.000Z,872.1500244140625,880.4749755859375,869.0,873.2750244140625,847.609375,18895456,HDFCBANK.NS
2024-11-08T00:00:00.000Z,876.0,880.9000244140625,872.9249877929688,877.2249755859375,851.4432983398438,19902986,HDFCBANK.NS
2024-11-11T00:00:00.000Z,877.2750244140625,891.4000244140625,875.5999755859375,883.1500244140625,857.1942138671875,24565362,HDFCBANK.NS
2024-11-12T00:00:00.000Z,886.0,887.5,854.3250122070312,859.0999755859375,833.8509521484375,31395406,HDFCBANK.NS
2024-11-13T00:00:00.000Z,858.375,864.7000122070312,836.5,840.6749877929688,815.967529296875,35728500,HDFCBANK.NS
2024-11-14T00:00:00.000Z,836.5499877929688,852.4249877929688,836.0499877929688,846.375,821.5,27146470,HDFCBANK.NS
2024-11-18T00:00:00.000Z,850.0,859.4500122070312,847.5,852.5499877929688,827.4934692382812,27081968,HDFCBANK.NS
2024-11-19T00:00:00.000Z,857.0,876.875,851.3499755859375,871.125,845.5225219726562,50981272,HDFCBANK.NS
2024-11-21T00:00:00.000Z,874.7000122070312,879.5,867.0999755859375,870.5999755859375,845.0130004882812,35716512,HDFCBANK.NS
2024-11-22T00:00:00.000Z,871.7750244140625,877.1500244140625,864.7750244140625,872.7999877929688,847.1483764648438,24773612,HDFCBANK.NS
2024-11-25T00:00:00.000Z,892.5250244140625,901.7750244140625,882.4500122070312,892.7999877929688,866.5604858398438,427737274,HDFCBANK.NS
2024-11-26T00:00:00.000Z,905.0,905.0,884.9000244140625,892.7750244140625,866.5362548828125,30935566,HDFCBANK.NS
2024-11-27T00:00:00.000Z,894.9500122070312,908.6749877929688,892.5750122070312,906.1500244140625,879.5182495117188,32714976,HDFCBANK.NS
2024-11-28T00:00:00.000Z,909.5,918.0499877929688,894.0,896.5750122070312,870.224609375,35722392,HDFCBANK.NS
2024-11-29T00:00:00.000Z,900.6500244140625,902.2999877929688,891.4500122070312,898.0250244140625,871.632080078125,27669536,HDFCBANK.NS
2024-12-02T00:00:00.000Z,901.75,904.0750122070312,887.5,902.3499755859375,875.8298950195312,15110876,HDFCBANK.NS
2024-12-03T00:00:00.000Z,911.3499755859375,918.7000122070312,908.0499877929688,913.1500244140625,886.3125,43410242,HDFCBANK.NS
2024-12-04T00:00:00.000Z,919.0,932.5,915.5750122070312,930.0499877929688,902.7157592773438,44669084,HDFCBANK.NS
2024-12-05T00:00:00.000Z,930.0,939.9749755859375,917.5999755859375,932.875,905.457763671875,39682714,HDFCBANK.NS
2024-12-06T00:00:00.000Z,928.5,932.0999755859375,922.0,927.9249877929688,900.6531982421875,17783156,HDFCBANK.NS
2024-12-09T00:00:00.000Z,926.8250122070312,940.0,924.5,935.0,907.520263671875,26947912,HDFCBANK.NS
2024-12-10T00:00:00.000Z,938.8499755859375,938.8499755859375,929.2750244140625,934.0499877929688,906.5982055664062,13325480,HDFCBANK.NS
2024-12-11T00:00:00.000Z,930.8499755859375,935.9500122070312,928.375,931.5499877929688,904.1716918945312,14045426,HDFCBANK.NS
2024-12-12T00:00:00.000Z,925.5,934.3250122070312,924.3499755859375,929.625,902.3032836914062,17293790,HDFCBANK.NS
2024-12-13T00:00:00.000Z,931.25,937.5,914.625,935.875,908.36962890625,19009002,HDFCBANK.NS
2024-12-16T00:00:00.000Z,932.5499877929688,934.9749755859375,927.625,932.5999755859375,905.1907958984375,13107082,HDFCBANK.NS
2024-12-17T00:00:00.000Z,928.1749877929688,931.1749877929688,913.25,916.625,889.6853637695312,21079532,HDFCBANK.NS
2024-12-18T00:00:00.000Z,914.9249877929688,918.0,903.5750122070312,905.3499755859375,878.74169921875,23422312,HDFCBANK.NS
2024-12-19T00:00:00.000Z,899.7999877929688,900.5499877929688,889.5,896.75,870.3944091796875,25380770,HDFCBANK.NS
2024-12-20T00:00:00.000Z,891.0999755859375,898.7750244140625,883.5250244140625,885.75,859.7177734375,25692348,HDFCBANK.NS
2024-12-23T00:00:00.000Z,891.0,903.0,890.6500244140625,900.5,874.0343017578125,11044592,HDFCBANK.NS
2024-12-24T00:00:00.000Z,901.0250244140625,904.3499755859375,894.7750244140625,899.0499877929688,872.6268310546875,14485834,HDFCBANK.NS
2024-12-26T00:00:00.000Z,899.2750244140625,906.0,890.375,895.375,869.0598754882812,10481678,HDFCBANK.NS
2024-12-27T00:00:00.000Z,897.4000244140625,902.9749755859375,894.5499877929688,899.125,872.6996459960938,7259330,HDFCBANK.NS
2024-12-30T00:00:00.000Z,896.0999755859375,907.5,885.5,888.9500122070312,862.82373046875,22222218,HDFCBANK.NS
2024-12-31T00:00:00.000Z,885.1500244140625,890.9000244140625,882.7999877929688,886.4249877929688,860.3729248046875,14117236,HDFCBANK.NS
2025-01-01T00:00:00.000Z,886.7249755859375,897.0,880.5499877929688,891.375,865.1774291992188,7313806,HDFCBANK.NS
2025-01-02T00:00:00.000Z,888.5499877929688,901.7249755859375,886.5,896.875,870.5157470703125,18558576,HDFCBANK.NS
2025-01-03T00:00:00.000Z,895.5,897.625,873.1500244140625,874.5999755859375,848.8954467773438,24426194,HDFCBANK.NS
2025-01-06T00:00:00.000Z,870.0499877929688,878.5999755859375,852.9000244140625,855.25,830.1141357421875,18816348,HDFCBANK.NS
2025-01-07T00:00:00.000Z,857.5,860.5,850.0,856.7000122070312,831.5215454101562,13527906,HDFCBANK.NS
2025-01-08T00:00:00.000Z,854.125,855.8250122070312,841.6749877929688,847.1500244140625,822.252197265625,19738190,HDFCBANK.NS
2025-01-09T00:00:00.000Z,842.0750122070312,844.5,829.0499877929688,833.9000244140625,809.3916625976562,40420222,HDFCBANK.NS
2025-01-10T00:00:00.000Z,835.5,837.4500122070312,827.0,828.375,804.0289916992188,17453280,HDFCBANK.NS
2025-01-13T00:00:00.000Z,820.0,823.375,812.1500244140625,815.4249877929688,791.4596557617188,21669066,HDFCBANK.NS
2025-01-14T00:00:00.000Z,819.9500122070312,828.0999755859375,818.5,823.2999877929688,799.1031494140625,26661432,HDFCBANK.NS
2025-01-15T00:00:00.000Z,828.25,831.3499755859375,818.1500244140625,821.5250244140625,797.3803100585938,14022892,HDFCBANK.NS
2025-01-16T00:00:00.000Z,826.4249877929688,830.2750244140625,821.4249877929688,826.0250244140625,801.7481079101562,21212454,HDFCBANK.NS
2025-01-17T00:00:00.000Z,821.75,825.25,814.25,818.375,794.3229370117188,23112076,HDFCBANK.NS
2025-01-20T00:00:00.000Z,813.0,830.4749755859375,813.0,825.625,801.3598022460938,17557618,HDFCBANK.NS
2025-01-21T00:00:00.000Z,829.125,830.5250244140625,816.5250244140625,821.2000122070312,797.0648803710938,31158144,HDFCBANK.NS
2025-01-22T00:00:00.000Z,821.2000122070312,835.9500122070312,812.7249755859375,833.0250244140625,808.5423583984375,30619306,HDFCBANK.NS
2025-01-23T00:00:00.000Z,843.5,843.5,825.625,832.4500122070312,807.9842529296875,34909158,HDFCBANK.NS
2025-01-24T00:00:00.000Z,830.0,835.1500244140625,822.25,824.9000244140625,800.6561889648438,24236200,HDFCBANK.NS
2025-01-27T00:00:00.000Z,820.5499877929688,821.7999877929688,813.0,814.9000244140625,790.9500122070312,22804166,HDFCBANK.NS
2025-01-28T00:00:00.000Z,823.5,842.1500244140625,823.5,835.2000122070312,810.6534423828125,30179312,HDFCBANK.NS
2025-01-29T00:00:00.000Z,837.5,840.5750122070312,834.4249877929688,838.6500244140625,814.0020141601562,12619890,HDFCBANK.NS
2025-01-30T00:00:00.000Z,840.5,848.9500122070312,836.2750244140625,845.75,820.8933715820312,25744846,HDFCBANK.NS
2025-01-31T00:00:00.000Z,843.625,852.3499755859375,841.9749755859375,849.375,824.4118041992188,15821686,HDFCBANK.NS
2025-02-01T00:00:00.000Z,848.75,856.5,838.0250244140625,845.4749755859375,820.6264038085938,5587528,HDFCBANK.NS
2025-02-03T00:00:00.000Z,835.0,843.4000244140625,831.7249755859375,839.0,814.341796875,20276540,HDFCBANK.NS
2025-02-04T00:00:00.000Z,844.3499755859375,862.9000244140625,840.0250244140625,860.4500122070312,835.161376953125,28616502,HDFCBANK.NS
2025-02-05T00:00:00.000Z,866.5,872.0999755859375,859.4500122070312,868.9000244140625,843.363037109375,23675506,HDFCBANK.NS
2025-02-06T00:00:00.000Z,867.75,874.5,862.0,871.9249877929688,846.299072265625,26760716,HDFCBANK.NS
2025-02-07T00:00:00.000Z,875.0,883.5,862.5,866.375,840.9122314453125,23509600,HDFCBANK.NS
2025-02-10T00:00:00.000Z,858.6500244140625,861.7249755859375,854.25,857.875,832.6619873046875,17195950,HDFCBANK.NS
2025-02-11T00:00:00.000Z,851.5,855.5,844.3499755859375,850.7000122070312,825.6979370117188,22724704,HDFCBANK.NS
2025-02-12T00:00:00.000Z,846.5,856.0,840.5999755859375,853.4000244140625,828.3185424804688,22809570,HDFCBANK.NS
2025-02-13T00:00:00.000Z,849.5,857.125,846.7750244140625,848.8499755859375,823.9022216796875,12602434,HDFCBANK.NS
2025-02-14T00:00:00.000Z,850.9500122070312,850.9500122070312,840.0,847.4249877929688,822.5191040039062,19959892,HDFCBANK.NS
2025-02-17T00:00:00.000Z,842.5999755859375,860.0,840.625,858.6749877929688,833.4384765625,12938946,HDFCBANK.NS
2025-02-18T00:00:00.000Z,856.5250244140625,865.7750244140625,853.0750122070312,861.5250244140625,836.2047119140625,16350910,HDFCBANK.NS
2025-02-19T00:00:00.000Z,858.5,868.9500122070312,856.2249755859375,863.5999755859375,838.2186889648438,11884112,HDFCBANK.NS
2025-02-20T00:00:00.000Z,855.5,857.3499755859375,842.6500244140625,843.5499877929688,818.758056640625,26390510,HDFCBANK.NS
2025-02-21T00:00:00.000Z,840.4500122070312,847.4749755859375,838.625,846.25,821.378662109375,15680940,HDFCBANK.NS
2025-02-24T00:00:00.000Z,840.5499877929688,842.0999755859375,830.5499877929688,838.5499877929688,813.9049072265625,20693646,HDFCBANK.NS
2025-02-25T00:00:00.000Z,835.5499877929688,844.0,835.5499877929688,841.1749877929688,816.4527587890625,24138708,HDFCBANK.NS
2025-02-27T00:00:00.000Z,841.2750244140625,855.375,841.2750244140625,850.3499755859375,825.3580932617188,35786800,HDFCBANK.NS
2025-02-28T00:00:00.000Z,842.5,868.625,842.5,866.2000122070312,840.7423095703125,54516728,HDFCBANK.NS
2025-03-03T00:00:00.000Z,869.9000244140625,871.5250244140625,847.0499877929688,850.7750244140625,825.7706909179688,21205364,HDFCBANK.NS
2025-03-04T00:00:00.000Z,849.0,857.1500244140625,846.625,855.0,829.8714599609375,19920958,HDFCBANK.NS
2025-03-05T00:00:00.000Z,850.9749755859375,855.4000244140625,844.125,845.0,820.1654052734375,21583872,HDFCBANK.NS
2025-03-06T00:00:00.000Z,843.5,849.9500122070312,836.125,845.5999755859375,820.7477416992188,32966088,HDFCBANK.NS
2025-03-07T00:00:00.000Z,841.0,850.5750122070312,838.7999877929688,844.625,819.8014526367188,13372914,HDFCBANK.NS
2025-03-10T00:00:00.000Z,844.5,849.9500122070312,841.5250244140625,843.75,818.9521484375,15604050,HDFCBANK.NS
2025-03-11T00:00:00.000Z,841.2000122070312,847.0,835.0250244140625,842.75,817.9815063476562,19898430,HDFCBANK.NS
2025-03-12T00:00:00.000Z,845.7750244140625,859.25,845.7750244140625,855.5750122070312,830.4296875,18784106,HDFCBANK.NS
2025-03-13T00:00:00.000Z,858.0250244140625,860.4000244140625,850.0250244140625,853.2999877929688,828.2214965820312,15736264,HDFCBANK.NS
2025-03-17T00:00:00.000Z,852.5,862.0,852.5,855.2000122070312,830.0656127929688,18950652,HDFCBANK.NS
2025-03-18T00:00:00.000Z,855.2000122070312,855.2000122070312,855.2000122070312,855.2000122070312,830.0656127929688,0,HDFCBANK.NS
2025-03-19T00:00:00.000Z,867.5,875.5,866.0999755859375,872.0499877929688,846.42041015625,15221406,HDFCBANK.NS
2025-03-20T00:00:00.000Z,877.0,887.0,874.6500244140625,884.375,858.3831787109375,17833978,HDFCBANK.NS
2025-03-21T00:00:00.000Z,877.7750244140625,887.0499877929688,877.7750244140625,885.1749877929688,859.1596069335938,33508264,HDFCBANK.NS
2025-03-24T00:00:00.000Z,889.5,902.2000122070312,886.8250122070312,900.0,873.5489501953125,17393736,HDFCBANK.NS
2025-03-25T00:00:00.000Z,902.4500122070312,921.8499755859375,900.75,910.7249755859375,883.9586791992188,39101416,HDFCBANK.NS
2025-03-26T00:00:00.000Z,912.5,913.75,901.0,903.2750244140625,876.7277221679688,24478442,HDFCBANK.NS
2025-03-27T00:00:00.000Z,900.0,920.5,899.0499877929688,912.6749877929688,885.8513793945312,41658100,HDFCBANK.NS
2025-03-28T00:00:00.000Z,914.5,918.0,902.9249877929688,914.0999755859375,887.2345581054688,28773648,HDFCBANK.NS
2025-04-01T00:00:00.000Z,901.0,904.9500122070312,882.6749877929688,883.9249877929688,857.9464111328125,28511006,HDFCBANK.NS
2025-04-02T00:00:00.000Z,885.3499755859375,899.5999755859375,885.3499755859375,898.4500122070312,872.0444946289062,11573564,HDFCBANK.NS
2025-04-03T00:00:00.000Z,890.5499877929688,902.0,888.5,897.4249877929688,871.0496215820312,11250038,HDFCBANK.NS
2025-04-04T00:00:00.000Z,906.5,920.9749755859375,905.5499877929688,908.6500244140625,881.9447021484375,33540454,HDFCBANK.NS
2025-04-07T00:00:00.000Z,881.4000244140625,889.9249877929688,869.0999755859375,878.8499755859375,853.0205688476562,37995450,HDFCBANK.NS
2025-04-08T00:00:00.000Z,882.5,891.0,875.1500244140625,884.5750122070312,858.5773315429688,35563872,HDFCBANK.NS
2025-04-09T00:00:00.000Z,882.5,887.5,876.75,882.5,856.5632934570312,22454608,HDFCBANK.NS
2025-04-11T00:00:00.000Z,887.375,909.7000122070312,887.375,903.375,876.82470703125,32775766,HDFCBANK.NS
2025-04-15T00:00:00.000Z,932.5,938.4000244140625,927.5,932.4500122070312,905.0452270507812,49298344,HDFCBANK.NS
2025-04-16T00:00:00.000Z,941.9000244140625,941.9000244140625,930.25,939.0,911.4027709960938,19136820,HDFCBANK.NS
2025-04-17T00:00:00.000Z,941.0,959.8499755859375,938.3499755859375,953.3499755859375,925.3309326171875,35703084,HDFCBANK.NS
2025-04-21T00:00:00.000Z,962.0,975.3499755859375,955.0,963.5499877929688,935.231201171875,34247298,HDFCBANK.NS
2025-04-22T00:00:00.000Z,967.5,985.2999877929688,967.5,980.8499755859375,952.0227661132812,45961750,HDFCBANK.NS
2025-04-23T00:00:00.000Z,989.4500122070312,989.4500122070312,960.25,961.9500122070312,933.6782836914062,30570642,HDFCBANK.NS
2025-04-24T00:00:00.000Z,955.0,961.9500122070312,952.5499877929688,958.4000244140625,930.2325439453125,25931754,HDFCBANK.NS
2025-04-25T00:00:00.000Z,962.4000244140625,966.5,945.9000244140625,955.5999755859375,927.5148315429688,18500878,HDFCBANK.NS
2025-04-28T00:00:00.000Z,955.5999755859375,964.8499755859375,954.2000122070312,960.0999755859375,931.882568359375,13920492,HDFCBANK.NS
2025-04-29T00:00:00.000Z,959.4000244140625,964.4000244140625,950.0999755859375,954.4000244140625,926.3501586914062,18918308,HDFCBANK.NS
2025-04-30T00:00:00.000Z,956.5,968.4500122070312,955.1500244140625,962.5,934.2120361328125,31936870,HDFCBANK.NS
2025-05-02T00:00:00.000Z,964.9000244140625,970.9500122070312,960.0,960.9500122070312,932.7076416015625,17840404,HDFCBANK.NS
2025-05-05T00:00:00.000Z,969.5,976.0,966.1500244140625,968.4000244140625,939.9386596679688,15068024,HDFCBANK.NS
2025-05-06T00:00:00.000Z,965.0,970.0499877929688,962.1500244140625,965.8499755859375,937.463623046875,17490156,HDFCBANK.NS
2025-05-07T00:00:00.000Z,967.0,974.3499755859375,961.2000122070312,972.7999877929688,944.2094116210938,21420778,HDFCBANK.NS
2025-05-08T00:00:00.000Z,977.4000244140625,977.4000244140625,959.5499877929688,964.25,935.91064453125,34803430,HDFCBANK.NS
2025-05-09T00:00:00.000Z,955.0499877929688,959.5,943.4000244140625,944.8499755859375,917.080810546875,17188796,HDFCBANK.NS
2025-05-12T00:00:00.000Z,958.7999877929688,979.9500122070312,956.1500244140625,978.5999755859375,949.8388671875,18618972,HDFCBANK.NS
2025-05-13T00:00:00.000Z,975.0,980.8499755859375,960.0,961.2999877929688,933.04736328125,24242102,HDFCBANK.NS
2025-05-14T00:00:00.000Z,961.0499877929688,965.0999755859375,951.5,955.2999877929688,927.2236938476562,15445308,HDFCBANK.NS
2025-05-15T00:00:00.000Z,956.75,972.4000244140625,948.5,966.9000244140625,938.4827270507812,32241458,HDFCBANK.NS
2025-05-16T00:00:00.000Z,966.9000244140625,971.9000244140625,964.2000122070312,967.3499755859375,938.9194946289062,15868010,HDFCBANK.NS
2025-05-19T00:00:00.000Z,968.5,972.5,965.5,969.3499755859375,940.8607177734375,10202964,HDFCBANK.NS
2025-05-20T00:00:00.000Z,964.0499877929688,967.2999877929688,956.5,957.4500122070312,929.3104858398438,23879090,HDFCBANK.NS
2025-05-21T00:00:00.000Z,963.5,973.4500122070312,960.5499877929688,963.4000244140625,935.0856323242188,15132040,HDFCBANK.NS
2025-05-22T00:00:00.000Z,957.5999755859375,962.0999755859375,952.5999755859375,959.9500122070312,931.7369995117188,21306670,HDFCBANK.NS
2025-05-23T00:00:00.000Z,960.0499877929688,968.5,957.25,966.7999877929688,938.3856811523438,9566072,HDFCBANK.NS
2025-05-26T00:00:00.000Z,967.5,974.9500122070312,963.4500122070312,970.0999755859375,941.588623046875,10802860,HDFCBANK.NS
2025-05-27T00:00:00.000Z,965.7999877929688,974.0,958.1500244140625,963.1500244140625,934.8429565429688,26162148,HDFCBANK.NS
2025-05-28T00:00:00.000Z,960.0999755859375,967.25,958.8499755859375,961.75,933.484130859375,18157594,HDFCBANK.NS
2025-05-29T00:00:00.000Z,964.0,970.4000244140625,953.6500244140625,963.75,935.4253540039062,28917794,HDFCBANK.NS
2025-05-30T00:00:00.000Z,965.9500122070312,974.4000244140625,962.7000122070312,972.4500122070312,943.86962890625,28748078,HDFCBANK.NS
2025-06-02T00:00:00.000Z,965.0499877929688,968.0,954.0,966.0499877929688,937.6577758789062,14668822,HDFCBANK.NS
2025-06-03T00:00:00.000Z,969.0,976.0,960.0,962.2999877929688,934.0179443359375,24377584,HDFCBANK.NS
2025-06-04T00:00:00.000Z,960.5,971.6500244140625,960.4500122070312,970.5999755859375,942.0740356445312,12961542,HDFCBANK.NS
2025-06-05T00:00:00.000Z,974.0,979.4500122070312,970.0999755859375,974.7999877929688,946.1505126953125,22255418,HDFCBANK.NS
2025-06-06T00:00:00.000Z,972.0,998.1500244140625,971.3499755859375,989.3499755859375,960.27294921875,30127008,HDFCBANK.NS
2025-06-09T00:00:00.000Z,997.5,997.5,987.9500122070312,989.4500122070312,960.3700561523438,13202588,HDFCBANK.NS
2025-06-10T00:00:00.000Z,991.4000244140625,991.4000244140625,980.5499877929688,982.6500244140625,953.7698974609375,15533126,HDFCBANK.NS
2025-06-11T00:00:00.000Z,983.7999877929688,983.7999877929688,973.5,975.2000122070312,946.5388793945312,11096394,HDFCBANK.NS
2025-06-12T00:00:00.000Z,975.0,980.5,967.6500244140625,971.7000122070312,943.1417236328125,16349130,HDFCBANK.NS
2025-06-13T00:00:00.000Z,960.0,966.5,956.5,958.7999877929688,930.620849609375,12117762,HDFCBANK.NS
2025-06-16T00:00:00.000Z,962.0,969.4500122070312,960.0499877929688,967.7000122070312,939.2592163085938,16513746,HDFCBANK.NS
2025-06-17T00:00:00.000Z,968.5,970.7999877929688,959.5499877929688,964.7999877929688,936.4444580078125,16978736,HDFCBANK.NS
2025-06-18T00:00:00.000Z,958.5,968.1500244140625,958.5,966.9500122070312,938.5313110351562,18433816,HDFCBANK.NS
2025-06-19T00:00:00.000Z,966.9500122070312,973.4000244140625,962.7999877929688,967.6500244140625,939.210693359375,16876220,HDFCBANK.NS
2025-06-20T00:00:00.000Z,965.7999877929688,984.9500122070312,965.7999877929688,982.3499755859375,953.4786987304688,32900408,HDFCBANK.NS
2025-06-23T00:00:00.000Z,974.2000122070312,978.9500122070312,970.9000244140625,974.2000122070312,945.5681762695312,11739518,HDFCBANK.NS
2025-06-24T00:00:00.000Z,982.5,989.5,977.7999877929688,980.4500122070312,951.634521484375,22625322,HDFCBANK.NS
2025-06-25T00:00:00.000Z,983.0,991.0,981.9500122070312,990.0999755859375,961.0009155273438,18405932,HDFCBANK.NS
2025-06-26T00:00:00.000Z,990.7000122070312,1013.5499877929688,990.0,1010.9000244140625,981.1896362304688,50084830,HDFCBANK.NS
2025-06-27T00:00:00.000Z,1006.5,1009.9000244140625,996.7000122070312,1007.4500122070312,988.5983276367188,28213384,HDFCBANK.NS
2025-06-30T00:00:00.000Z,1005.75,1006.9000244140625,997.75,1000.75,982.023681640625,13649020,HDFCBANK.NS
2025-07-01T00:00:00.000Z,1002.5,1008.0,1002.0,1006.0499877929688,987.2244873046875,14389386,HDFCBANK.NS
2025-07-02T00:00:00.000Z,1009.9500122070312,1009.9500122070312,988.9500122070312,993.0,974.418701171875,18878250,HDFCBANK.NS
2025-07-03T00:00:00.000Z,997.4500122070312,1004.0,992.1500244140625,993.5499877929688,974.9583740234375,16860506,HDFCBANK.NS
2025-07-04T00:00:00.000Z,993.5499877929688,1001.75,990.0,994.6500244140625,976.037841796875,7863944,HDFCBANK.NS
2025-07-07T00:00:00.000Z,994.5,999.2000122070312,991.9000244140625,993.7000122070312,975.1055908203125,11349426,HDFCBANK.NS
2025-07-08T00:00:00.000Z,988.5,1002.5,988.5,1000.7000122070312,981.974609375,15224316,HDFCBANK.NS
2025-07-09T00:00:00.000Z,1003.5,1006.9000244140625,999.0499877929688,1005.5999755859375,986.7828979492188,13861428,HDFCBANK.NS
2025-07-10T00:00:00.000Z,1008.0,1008.5,1000.0,1003.0999755859375,984.3296508789062,17030310,HDFCBANK.NS
2025-07-11T00:00:00.000Z,999.0,1002.4000244140625,990.4500122070312,991.8499755859375,973.2901611328125,12516922,HDFCBANK.NS
2025-07-14T00:00:00.000Z,991.5,994.3499755859375,985.2999877929688,991.5,972.94677734375,13088850,HDFCBANK.NS
2025-07-15T00:00:00.000Z,986.5,1001.7999877929688,986.5,997.75,979.079833984375,14498168,HDFCBANK.NS
2025-07-16T00:00:00.000Z,1009.0,1011.3499755859375,996.2999877929688,998.1500244140625,979.4723510742188,17994612,HDFCBANK.NS
2025-07-17T00:00:00.000Z,1002.0,1002.4000244140625,991.3499755859375,993.4500122070312,974.8602905273438,22529158,HDFCBANK.NS
2025-07-18T00:00:00.000Z,993.4500122070312,998.5,976.5,978.7000122070312,960.3862915039062,16129446,HDFCBANK.NS
2025-07-21T00:00:00.000Z,989.0999755859375,1001.0,988.25,1000.25,981.5330200195312,22309078,HDFCBANK.NS
2025-07-22T00:00:00.000Z,1006.5499877929688,1009.0,1001.5,1003.5499877929688,984.771240234375,14836814,HDFCBANK.NS
2025-07-23T00:00:00.000Z,1005.5,1014.9000244140625,1001.5,1012.1500244140625,993.2103881835938,13634916,HDFCBANK.NS
2025-07-24T00:00:00.000Z,1018.8499755859375,1018.8499755859375,1004.2000122070312,1007.0999755859375,988.2548217773438,19107176,HDFCBANK.NS
2025-07-25T00:00:00.000Z,1007.5,1007.5,999.5,1002.2999877929688,985.9922485351562,9306598,HDFCBANK.NS
2025-07-28T00:00:00.000Z,1001.5,1010.7000122070312,1000.25,1004.25,987.9105224609375,12059580,HDFCBANK.NS
2025-07-29T00:00:00.000Z,999.9500122070312,1013.25,998.1500244140625,1010.7999877929688,994.3539428710938,19895696,HDFCBANK.NS
2025-07-30T00:00:00.000Z,1014.0,1016.2999877929688,1008.5,1012.9000244140625,996.4197998046875,15154036,HDFCBANK.NS
2025-07-31T00:00:00.000Z,1007.2999877929688,1015.7000122070312,1004.0,1009.0999755859375,992.6815795898438,22183032,HDFCBANK.NS
2025-08-01T00:00:00.000Z,1007.0,1014.1500244140625,1004.6500244140625,1006.0999755859375,989.7304077148438,11317258,HDFCBANK.NS
2025-08-04T00:00:00.000Z,1005.0499877929688,1009.25,994.0499877929688,996.0,979.7947387695312,13933946,HDFCBANK.NS
2025-08-05T00:00:00.000Z,993.25,997.2000122070312,982.75,988.7999877929688,972.7118530273438,23978058,HDFCBANK.NS
2025-08-06T00:00:00.000Z,985.5499877929688,994.0,985.0,992.6500244140625,976.499267578125,14080204,HDFCBANK.NS
2025-08-07T00:00:00.000Z,990.0499877929688,1000.7999877929688,988.4000244140625,997.7000122070312,981.4671020507812,13081186,HDFCBANK.NS
2025-08-08T00:00:00.000Z,993.5499877929688,996.4000244140625,985.0,986.9500122070312,970.8920288085938,13895264,HDFCBANK.NS
2025-08-11T00:00:00.000Z,987.9500122070312,998.7999877929688,986.5499877929688,997.7999877929688,981.5654296875,9105854,HDFCBANK.NS
2025-08-12T00:00:00.000Z,995.9500122070312,998.0,983.75,984.9500122070312,968.924560546875,12937802,HDFCBANK.NS
2025-08-13T00:00:00.000Z,997.0,997.0,984.5499877929688,990.1500244140625,974.0399169921875,13577396,HDFCBANK.NS
2025-08-14T00:00:00.000Z,989.0,998.0,985.5999755859375,995.5499877929688,979.35205078125,17511716,HDFCBANK.NS
2025-08-18T00:00:00.000Z,1005.0,1013.2999877929688,997.7999877929688,1001.7999877929688,985.5003662109375,19284796,HDFCBANK.NS
2025-08-19T00:00:00.000Z,999.1500244140625,1003.0499877929688,993.3499755859375,995.5499877929688,979.35205078125,12352438,HDFCBANK.NS
2025-08-20T00:00:00.000Z,993.5,996.0,989.5,994.0999755859375,977.9256591796875,9950228,HDFCBANK.NS
2025-08-21T00:00:00.000Z,998.75,998.75,991.5999755859375,995.5999755859375,979.4012451171875,12439850,HDFCBANK.NS
2025-08-22T00:00:00.000Z,994.9500122070312,998.0,978.5499877929688,982.2999877929688,966.317626953125,19833502,HDFCBANK.NS
2025-08-25T00:00:00.000Z,980.0999755859375,988.7000122070312,978.5,982.0499877929688,966.0717163085938,17518044,HDFCBANK.NS
2025-08-26T00:00:00.000Z,979.5,985.7000122070312,968.0,973.4000244140625,957.5625,16917731,HDFCBANK.NS
2025-08-28T00:00:00.000Z,967.0,972.2000122070312,955.0,957.7999877929688,942.2162475585938,25438255,HDFCBANK.NS
2025-08-29T00:00:00.000Z,954.0,963.2999877929688,950.0999755859375,951.5999755859375,936.1171264648438,14823813,HDFCBANK.NS
2025-09-01T00:00:00.000Z,949.5999755859375,957.4500122070312,946.3499755859375,950.5999755859375,935.1333618164062,20178344,HDFCBANK.NS
2025-09-02T00:00:00.000Z,951.0,954.7999877929688,944.0,944.5,929.1326904296875,14196320,HDFCBANK.NS
2025-09-03T00:00:00.000Z,945.0,956.2999877929688,940.0,954.4500122070312,938.9207763671875,16083481,HDFCBANK.NS
2025-09-04T00:00:00.000Z,960.2000122070312,965.7000122070312,956.25,961.25,945.610107421875,17597657,HDFCBANK.NS
2025-09-05T00:00:00.000Z,967.5,967.5,954.0499877929688,963.4000244140625,947.7251586914062,11602111,HDFCBANK.NS
2025-09-08T00:00:00.000Z,969.0,973.1500244140625,960.4500122070312,966.0,950.2828369140625,11711307,HDFCBANK.NS
2025-09-09T00:00:00.000Z,974.0,974.4000244140625,962.7000122070312,965.1500244140625,949.4467163085938,13985539,HDFCBANK.NS
2025-09-10T00:00:00.000Z,973.9000244140625,973.9000244140625,961.7000122070312,965.9000244140625,950.1845092773438,18091100,HDFCBANK.NS
2025-09-11T00:00:00.000Z,960.2999877929688,969.25,959.9000244140625,967.7999877929688,952.0535278320312,15113633,HDFCBANK.NS
2025-09-12T00:00:00.000Z,969.9000244140625,970.75,962.25,967.2999877929688,951.5617065429688,14363519,HDFCBANK.NS
2025-09-15T00:00:00.000Z,969.5999755859375,972.3499755859375,965.0,967.0499877929688,951.3157348632812,14486377,HDFCBANK.NS
2025-09-16T00:00:00.000Z,961.2000122070312,969.3499755859375,961.2000122070312,966.8499755859375,951.1190185546875,18661794,HDFCBANK.NS
2025-09-17T00:00:00.000Z,965.1500244140625,974.4000244140625,964.3499755859375,966.5,950.7747192382812,17361476,HDFCBANK.NS
2025-09-18T00:00:00.000Z,973.2999877929688,979.6500244140625,969.25,976.9000244140625,961.0055541992188,17791598,HDFCBANK.NS
2025-09-19T00:00:00.000Z,974.9000244140625,976.7000122070312,962.0999755859375,966.9000244140625,951.168212890625,31243267,HDFCBANK.NS
2025-09-22T00:00:00.000Z,964.0,971.2000122070312,961.9500122070312,964.2000122070312,948.5121459960938,10854415,HDFCBANK.NS
2025-09-23T00:00:00.000Z,967.0,968.2000122070312,955.5,957.2000122070312,941.6260375976562,21022298,HDFCBANK.NS
2025-09-24T00:00:00.000Z,952.2000122070312,956.4500122070312,943.0,951.0499877929688,935.5761108398438,15117220,HDFCBANK.NS
2025-09-25T00:00:00.000Z,952.5,958.0,947.4000244140625,949.8499755859375,934.3955688476562,31413279,HDFCBANK.NS
2025-09-26T00:00:00.000Z,945.0999755859375,951.4500122070312,941.2999877929688,945.0499877929688,929.6737060546875,14874656,HDFCBANK.NS
2025-09-29T00:00:00.000Z,946.0499877929688,956.7999877929688,939.0999755859375,950.2999877929688,934.8382568359375,32398179,HDFCBANK.NS
2025-09-30T00:00:00.000Z,958.0499877929688,960.0,946.2999877929688,951.0,935.5269165039062,28296687,HDFCBANK.NS
2025-10-01T00:00:00.000Z,952.7000122070312,969.5999755859375,946.0,965.25,949.5450439453125,25350832,HDFCBANK.NS
2025-10-03T00:00:00.000Z,952.0,966.75,952.0,965.1500244140625,949.4467163085938,26658296,HDFCBANK.NS
2025-10-06T00:00:00.000Z,971.9000244140625,977.4000244140625,962.0,973.4500122070312,957.6116333007812,18542683,HDFCBANK.NS
2025-10-07T00:00:00.000Z,974.0,989.8499755859375,971.0,982.5,966.514404296875,25535736,HDFCBANK.NS
2025-10-08T00:00:00.000Z,976.0,985.9000244140625,974.5499877929688,978.7000122070312,962.7762451171875,15939710,HDFCBANK.NS
2025-10-09T00:00:00.000Z,974.5,979.0,970.1500244140625,977.0999755859375,961.2022094726562,15370950,HDFCBANK.NS
2025-10-10T00:00:00.000Z,979.0,986.2000122070312,978.0999755859375,980.9000244140625,964.9404296875,13757080,HDFCBANK.NS
2025-10-13T00:00:00.000Z,974.2999877929688,981.0,972.0,977.0,961.1038818359375,18634254,HDFCBANK.NS
2025-10-14T00:00:00.000Z,970.0,980.4500122070312,967.0,977.1500244140625,961.25146484375,22934382,HDFCBANK.NS
2025-10-15T00:00:00.000Z,975.0,984.9000244140625,973.3499755859375,978.25,962.3335571289062,23310447,HDFCBANK.NS
2025-10-16T00:00:00.000Z,982.6500244140625,996.5999755859375,981.5,994.3499755859375,978.1715698242188,22936566,HDFCBANK.NS
2025-10-17T00:00:00.000Z,993.9500122070312,1009.0,986.0,1002.5499877929688,986.2381591796875,25210511,HDFCBANK.NS
2025-10-20T00:00:00.000Z,997.0,1020.0,997.0,1002.9500122070312,986.6316528320312,22195202,HDFCBANK.NS
2025-10-21T00:00:00.000Z,1006.0,1010.0,1004.0,1007.7000122070312,991.3043823242188,3471600,HDFCBANK.NS
2025-10-23T00:00:00.000Z,1016.0,1020.5,1006.0,1008.7999877929688,992.386474609375,43526526,HDFCBANK.NS
2025-10-24T00:00:00.000Z,1011.0,1011.9500122070312,991.2999877929688,994.75,978.5650634765625,17707768,HDFCBANK.NS
2025-10-27T00:00:00.000Z,996.5,1009.0499877929688,996.2000122070312,1002.9500122070312,986.6316528320312,15700796,HDFCBANK.NS
2025-10-28T00:00:00.000Z,997.6500244140625,1008.0,995.0,1003.5499877929688,987.2218627929688,33904289,HDFCBANK.NS
2025-10-29T00:00:00.000Z,1004.9000244140625,1012.5,1000.0,1007.8499755859375,991.451904296875,17769445,HDFCBANK.NS
2025-10-30T00:00:00.000Z,1000.0,1009.5,997.0999755859375,998.1500244140625,981.9097900390625,19962917,HDFCBANK.NS
2025-10-31T00:00:00.000Z,994.0,1004.4500122070312,981.1500244140625,987.2999877929688,971.2362670898438,23221330,HDFCBANK.NS
2025-11-03T00:00:00.000Z,985.0,994.5499877929688,983.2999877929688,992.6500244140625,976.499267578125,16607180,HDFCBANK.NS
2025-11-04T00:00:00.000Z,987.0,997.0,983.7000122070312,985.25,969.2196655273438,20024544,HDFCBANK.NS
2025-11-06T00:00:00.000Z,981.0,991.0499877929688,974.0,984.6500244140625,968.6294555664062,22279516,HDFCBANK.NS
2025-11-07T00:00:00.000Z,980.0,984.9000244140625,974.75,982.2999877929688,966.317626953125,15004568,HDFCBANK.NS
2025-11-10T00:00:00.000Z,982.2999877929688,990.9500122070312,980.2000122070312,984.5,968.4818725585938,15988262,HDFCBANK.NS
2025-11-11T00:00:00.000Z,983.5,993.5,978.0,991.7000122070312,975.564697265625,10200530,HDFCBANK.NS
2025-11-12T00:00:00.000Z,998.7999877929688,999.0,987.7000122070312,989.5,973.4005126953125,13137263,HDFCBANK.NS
2025-11-13T00:00:00.000Z,984.0,990.0999755859375,982.5999755859375,986.6500244140625,970.596923828125,14124839,HDFCBANK.NS
2025-11-14T00:00:00.000Z,976.0499877929688,991.6500244140625,976.0499877929688,989.5999755859375,973.4988403320312,21386965,HDFCBANK.NS
2025-11-17T00:00:00.000Z,991.25,997.9500122070312,985.5999755859375,996.5499877929688,980.3357543945312,18396408,HDFCBANK.NS
2025-11-18T00:00:00.000Z,997.6500244140625,999.0,990.0,992.4500122070312,976.302490234375,20002640,HDFCBANK.NS
2025-11-19T00:00:00.000Z,990.0,996.5499877929688,984.0,994.5999755859375,978.41748046875,19813847,HDFCBANK.NS
2025-11-20T00:00:00.000Z,995.2999877929688,1011.5999755859375,992.4500122070312,1008.8499755859375,992.4356689453125,19850865,HDFCBANK.NS
2025-11-21T00:00:00.000Z,1003.0999755859375,1008.2999877929688,996.5499877929688,998.0499877929688,981.8114013671875,17499897,HDFCBANK.NS
2025-11-24T00:00:00.000Z,1000.0,1011.4500122070312,993.5999755859375,999.1500244140625,982.8934936523438,32204053,HDFCBANK.NS
2025-11-25T00:00:00.000Z,1004.0,1006.0999755859375,988.4000244140625,989.7999877929688,973.6956176757812,24989383,HDFCBANK.NS
2025-11-26T00:00:00.000Z,981.2999877929688,1006.9500122070312,981.2999877929688,1003.9000244140625,987.5662231445312,19494356,HDFCBANK.NS
2025-11-27T00:00:00.000Z,1002.0999755859375,1016.7999877929688,1001.0,1009.5,993.0750732421875,25536848,HDFCBANK.NS
2025-11-28T00:00:00.000Z,1007.0,1012.0499877929688,1004.2000122070312,1007.5999755859375,991.2059936523438,15988807,HDFCBANK.NS
2025-12-01T00:00:00.000Z,1017.5,1017.5,999.2999877929688,1002.0999755859375,985.7954711914062,16746566,HDFCBANK.NS
2025-12-02T00:00:00.000Z,988.0,994.4000244140625,985.0,989.7999877929688,973.6956176757812,27316662,HDFCBANK.NS
2025-12-03T00:00:00.000Z,986.0,1002.2999877929688,986.0,1000.5,984.2214965820312,15448777,HDFCBANK.NS
2025-12-04T00:00:00.000Z,1000.0,1004.7000122070312,993.0,997.2000122070312,980.9752197265625,14528169,HDFCBANK.NS
2025-12-05T00:00:00.000Z,992.0,1008.0,990.2000122070312,1003.2999877929688,986.9759521484375,12843366,HDFCBANK.NS
2025-12-08T00:00:00.000Z,1000.0,1006.5,997.5,1003.0999755859375,986.7791748046875,12901022,HDFCBANK.NS
2025-12-09T00:00:00.000Z,994.9000244140625,1002.7999877929688,994.0,997.0999755859375,980.8768310546875,15294322,HDFCBANK.NS
2025-12-10T00:00:00.000Z,997.5,998.5,985.2999877929688,989.7999877929688,973.6956176757812,15322830,HDFCBANK.NS
2025-12-11T00:00:00.000Z,990.0,1002.7000122070312,988.5,1000.2999877929688,984.0247802734375,11844809,HDFCBANK.NS
2025-12-12T00:00:00.000Z,1003.0,1004.7000122070312,998.2000122070312,1001.5,985.2052612304688,11988618,HDFCBANK.NS
2025-12-15T00:00:00.000Z,992.0,1001.7999877929688,992.0,996.0999755859375,979.89306640625,9790060,HDFCBANK.NS
2025-12-16T00:00:00.000Z,990.0999755859375,998.7000122070312,990.0999755859375,994.2999877929688,978.1223754882812,20049088,HDFCBANK.NS
2025-12-17T00:00:00.000Z,996.0,996.0,980.7999877929688,984.0,967.989990234375,19080922,HDFCBANK.NS
2025-12-18T00:00:00.000Z,973.2999877929688,987.4000244140625,973.2999877929688,979.7000122070312,963.7599487304688,14912404,HDFCBANK.NS
2025-12-19T00:00:00.000Z,987.0,988.0,978.7000122070312,985.5,969.465576171875,25952384,HDFCBANK.NS
2025-12-22T00:00:00.000Z,988.0,992.9000244140625,983.9000244140625,987.7000122070312,971.6298217773438,13540411,HDFCBANK.NS
2025-12-23T00:00:00.000Z,990.5,998.9000244140625,987.7000122070312,996.5999755859375,980.3849487304688,17927849,HDFCBANK.NS
2025-12-24T00:00:00.000Z,993.0,999.4000244140625,993.0,997.2000122070312,980.9752197265625,13699996,HDFCBANK.NS
2025-12-26T00:00:00.000Z,996.0,997.2000122070312,987.7000122070312,992.0999755859375,975.9581909179688,9360853,HDFCBANK.NS
2025-12-29T00:00:00.000Z,993.0999755859375,997.4000244140625,987.2000122070312,991.7000122070312,975.564697265625,13545749,HDFCBANK.NS
2025-12-30T00:00:00.000Z,990.2000122070312,995.0,982.2000122070312,990.9000244140625,974.7777709960938,33155849,HDFCBANK.NS
2025-12-31T00:00:00.000Z,991.0,997.5999755859375,987.5999755859375,991.2000122070312,975.0728759765625,10963454,HDFCBANK.NS
2026-01-01T00:00:00.000Z,993.5,997.5499877929688,989.5,991.1500244140625,975.023681640625,7132074,HDFCBANK.NS
2026-01-02T00:00:00.000Z,991.1500244140625,1003.2000122070312,988.7999877929688,1001.5999755859375,985.3035888671875,11751459,HDFCBANK.NS
2026-01-05T00:00:00.000Z,1005.75,1006.4000244140625,976.2999877929688,977.5,961.5957641601562,27647379,HDFCBANK.NS
2026-01-06T00:00:00.000Z,962.7000122070312,966.7000122070312,956.0,962.2000122070312,946.544677734375,31988783,HDFCBANK.NS
2026-01-07T00:00:00.000Z,956.0,956.4500122070312,946.0,949.0499877929688,933.608642578125,52884712,HDFCBANK.NS
2026-01-08T00:00:00.000Z,944.7000122070312,953.0,941.4000244140625,946.7000122070312,931.296875,21928849,HDFCBANK.NS
2026-01-09T00:00:00.000Z,945.0,950.5999755859375,933.2999877929688,939.0,923.72216796875,38183839,HDFCBANK.NS
2026-01-12T00:00:00.000Z,937.5,942.0,929.5999755859375,936.9500122070312,921.7055053710938,21071666,HDFCBANK.NS
2026-01-13T00:00:00.000Z,947.7000122070312,947.7000122070312,932.5999755859375,937.3499755859375,922.0989990234375,32042827,HDFCBANK.NS
2026-01-14T00:00:00.000Z,930.0,940.0499877929688,920.2000122070312,925.4500122070312,910.3926391601562,36688248,HDFCBANK.NS
2026-01-15T00:00:00.000Z,925.4500122070312,925.4500122070312,925.4500122070312,925.4500122070312,910.3926391601562,0,HDFCBANK.NS
2026-01-16T00:00:00.000Z,922.0,935.9500122070312,919.2000122070312,931.0999755859375,915.95068359375,37780235,HDFCBANK.NS
2026-01-19T00:00:00.000Z,935.9000244140625,936.1500244140625,919.5,927.9000244140625,912.8027954101562,38191942,HDFCBANK.NS
2026-01-20T00:00:00.000Z,929.2999877929688,934.5,919.5999755859375,931.2000122070312,916.049072265625,36022727,HDFCBANK.NS
2026-01-21T00:00:00.000Z,925.0,932.1500244140625,915.5,920.3499755859375,905.3755493164062,32766854,HDFCBANK.NS
2026-01-22T00:00:00.000Z,928.0,928.2999877929688,913.2000122070312,918.7000122070312,903.75244140625,44444755,HDFCBANK.NS
2026-01-23T00:00:00.000Z,920.0,926.0999755859375,909.25,916.0999755859375,901.1947021484375,30985247,HDFCBANK.NS
2026-01-27T00:00:00.000Z,906.0,931.2000122070312,905.0,926.4000244140625,911.3272094726562,44753093,HDFCBANK.NS
2026-01-28T00:00:00.000Z,932.5,941.4500122070312,928.4000244140625,932.7000122070312,917.524658203125,35347138,HDFCBANK.NS
2026-01-29T00:00:00.000Z,930.0999755859375,939.2999877929688,924.3499755859375,935.5,920.2791137695312,37175628,HDFCBANK.NS
2026-01-30T00:00:00.000Z,930.0,938.9000244140625,927.75,929.25,914.1307983398438,29691233,HDFCBANK.NS
2026-02-02T00:00:00.000Z,915.0,929.7999877929688,909.2999877929688,928.0999755859375,912.9994506835938,28032106,HDFCBANK.NS
2026-02-03T00:00:00.000Z,983.75,994.0,945.0,948.7000122070312,933.2643432617188,50336968,HDFCBANK.NS
2026-02-04T00:00:00.000Z,952.5,957.2000122070312,947.9500122070312,953.0999755859375,937.5927124023438,24366770,HDFCBANK.NS
2026-02-05T00:00:00.000Z,956.0,956.0499877929688,946.7000122070312,949.7000122070312,934.248046875,28103169,HDFCBANK.NS
2026-02-06T00:00:00.000Z,945.0,948.0999755859375,937.5999755859375,941.0999755859375,925.7879638671875,18120272,HDFCBANK.NS
2026-02-09T00:00:00.000Z,945.0,950.0,935.3499755859375,937.25,922.0006103515625,23947829,HDFCBANK.NS
2026-02-10T00:00:00.000Z,930.0,940.9000244140625,929.9500122070312,932.4000244140625,917.2295532226562,31525385,HDFCBANK.NS
2026-02-11T00:00:00.000Z,931.25,936.0,925.2999877929688,927.0999755859375,912.0157470703125,24869804,HDFCBANK.NS
2026-02-12T00:00:00.000Z,927.0,928.5999755859375,918.5,920.5999755859375,905.6215209960938,33872203,HDFCBANK.NS
2026-02-13T00:00:00.000Z,913.0,928.2000122070312,901.0,903.9000244140625,889.1932373046875,50188359,HDFCBANK.NS
2026-02-16T00:00:00.000Z,903.9000244140625,929.5,902.0999755859375,925.7999877929688,910.7368774414062,18806989,HDFCBANK.NS
2026-02-17T00:00:00.000Z,923.0,928.0999755859375,918.5999755859375,925.7000122070312,910.6385498046875,22599629,HDFCBANK.NS
2026-02-18T00:00:00.000Z,923.2000122070312,925.5,919.5499877929688,924.7000122070312,909.6548461914062,12738702,HDFCBANK.NS
2026-02-19T00:00:00.000Z,929.0,929.2000122070312,912.4500122070312,915.5999755859375,900.702880859375,21209234,HDFCBANK.NS
2026-02-20T00:00:00.000Z,911.0,917.8499755859375,908.4000244140625,911.8499755859375,897.0138549804688,22654907,HDFCBANK.NS
2026-02-23T00:00:00.000Z,916.5,925.6500244140625,915.25,923.5999755859375,908.5726928710938,23270122,HDFCBANK.NS
2026-02-24T00:00:00.000Z,927.9500122070312,927.9500122070312,909.1500244140625,910.5,895.6858520507812,31313985,HDFCBANK.NS
2026-02-25T00:00:00.000Z,910.5499877929688,916.0,903.0999755859375,907.5999755859375,892.8330078125,27884303,HDFCBANK.NS
2026-02-26T00:00:00.000Z,912.0,912.0,895.0,898.5999755859375,883.9794311523438,41165937,HDFCBANK.NS
2026-02-27T00:00:00.000Z,898.5999755859375,898.9500122070312,885.0,887.75,873.3060302734375,34620755,HDFCBANK.NS
2026-03-02T00:00:00.000Z,876.2000122070312,887.75,871.5499877929688,879.4000244140625,865.0918579101562,38378924,HDFCBANK.NS
2026-03-04T00:00:00.000Z,848.0,879.2999877929688,848.0,868.6500244140625,854.5167846679688,39862322,HDFCBANK.NS
2026-03-05T00:00:00.000Z,873.8499755859375,881.4000244140625,863.5,877.75,863.4686889648438,31324582,HDFCBANK.NS
2026-03-06T00:00:00.000Z,868.0499877929688,871.7000122070312,855.0999755859375,857.0499877929688,843.10546875,34439647,HDFCBANK.NS
2026-03-09T00:00:00.000Z,825.0,842.4500122070312,821.5,840.7000122070312,827.0215454101562,35592613,HDFCBANK.NS
2026-03-10T00:00:00.000Z,850.0499877929688,856.7999877929688,840.5999755859375,849.4500122070312,835.629150390625,52866024,HDFCBANK.NS
2026-03-11T00:00:00.000Z,845.0,848.8499755859375,827.5999755859375,833.9500122070312,820.38134765625,42261076,HDFCBANK.NS
2026-03-12T00:00:00.000Z,820.0999755859375,836.4000244140625,820.0999755859375,832.75,819.2008666992188,46107561,HDFCBANK.NS
2026-03-13T00:00:00.000Z,820.0,823.7999877929688,812.0,817.0,803.7071533203125,41700464,HDFCBANK.NS
2026-03-16T00:00:00.000Z,817.0,844.5,815.6500244140625,840.5999755859375,826.9231567382812,52182605,HDFCBANK.NS
2026-03-17T00:00:00.000Z,847.7000122070312,848.9000244140625,835.0999755859375,845.3499755859375,831.5958251953125,38826979,HDFCBANK.NS
2026-03-18T00:00:00.000Z,845.3499755859375,846.7999877929688,831.5999755859375,843.0499877929688,829.333251953125,23507063,HDFCBANK.NS
2026-03-19T00:00:00.000Z,770.0,815.6500244140625,770.0,798.2000122070312,785.2130126953125,171637393,HDFCBANK.NS
2026-03-20T00:00:00.000Z,785.0,793.75,778.2000122070312,780.4500122070312,767.7518310546875,103129469,HDFCBANK.NS
2026-03-23T00:00:00.000Z,763.1500244140625,768.7000122070312,741.0499877929688,744.1500244140625,732.04248046875,72341738,HDFCBANK.NS
2026-03-24T00:00:00.000Z,755.0,772.75,747.7000122070312,764.9000244140625,752.454833984375,61269986,HDFCBANK.NS
2026-03-25T00:00:00.000Z,768.2000122070312,794.7999877929688,768.2000122070312,782.2999877929688,769.5717163085938,59230640,HDFCBANK.NS
2026-03-27T00:00:00.000Z,773.2000122070312,774.9000244140625,754.5499877929688,756.2000122070312,743.8963623046875,65485199,HDFCBANK.NS
2026-03-30T00:00:00.000Z,745.2000122070312,751.0,726.6500244140625,731.5499877929688,719.6473999023438,103500135,HDFCBANK.NS
2026-04-01T00:00:00.000Z,743.0,755.9000244140625,739.0999755859375,742.25,730.17333984375,78862761,HDFCBANK.NS
2026-04-02T00:00:00.000Z,730.0,755.0,726.6500244140625,750.9000244140625,738.6826171875,49310300,HDFCBANK.NS
2026-04-06T00:00:00.000Z,759.0,772.75,745.0,771.0,758.45556640625,42976659,HDFCBANK.NS
2026-04-07T00:00:00.000Z,766.0,774.0,761.0,772.0,759.4392700195312,51309793,HDFCBANK.NS
2026-04-08T00:00:00.000Z,800.0,817.7999877929688,796.0,816.0999755859375,802.82177734375,70269512,HDFCBANK.NS
2026-04-09T00:00:00.000Z,815.0,819.0,793.0999755859375,797.7000122070312,784.72119140625,48879392,HDFCBANK.NS
2026-04-10T00:00:00.000Z,804.0,812.25,801.0,810.2999877929688,797.1161499023438,38156026,HDFCBANK.NS
2026-04-13T00:00:00.000Z,791.5,798.5,787.3499755859375,794.7000122070312,781.7699584960938,47549328,HDFCBANK.NS
2026-04-15T00:00:00.000Z,804.9500122070312,814.7999877929688,804.0,809.9000244140625,796.72265625,39769515,HDFCBANK.NS
2026-04-16T00:00:00.000Z,818.0,820.0499877929688,792.2000122070312,795.4500122070312,782.5077514648438,62861293,HDFCBANK.NS
2026-04-17T00:00:00.000Z,790.0999755859375,803.9500122070312,788.2000122070312,799.9000244140625,786.8853759765625,37282544,HDFCBANK.NS
2026-04-20T00:00:00.000Z,797.0999755859375,809.9500122070312,790.0,795.4500122070312,782.5077514648438,52148044,HDFCBANK.NS
2026-04-21T00:00:00.000Z,795.2000122070312,814.9000244140625,795.2000122070312,811.75,798.5425415039062,49135752,HDFCBANK.NS
2026-04-22T00:00:00.000Z,810.0,813.0499877929688,798.0,799.9000244140625,786.8853759765625,23876412,HDFCBANK.NS
2026-04-23T00:00:00.000Z,792.0,796.6500244140625,782.5,784.3499755859375,771.5883178710938,37677616,HDFCBANK.NS
2026-04-24T00:00:00.000Z,777.2999877929688,787.5999755859375,777.0,784.8499755859375,772.0802001953125,27720358,HDFCBANK.NS
2026-04-27T00:00:00.000Z,787.5,793.0,785.0,789.7999877929688,776.9496459960938,18115375,HDFCBANK.NS
2026-04-28T00:00:00.000Z,785.0,794.5,778.2999877929688,782.5499877929688,769.817626953125,35366803,HDFCBANK.NS
2026-04-29T00:00:00.000Z,785.5,790.0,777.3499755859375,779.0,766.3253784179688,25799963,HDFCBANK.NS
2026-04-30T00:00:00.000Z,770.0,778.7999877929688,762.25,771.7000122070312,759.1441650390625,47998755,HDFCBANK.NS
2026-05-01T00:00:00.000Z,771.7000122070312,771.7000122070312,771.7000122070312,771.7000122070312,759.1441650390625,0,HDFCBANK.NS
2026-05-04T00:00:00.000Z,772.5999755859375,786.5999755859375,772.5999755859375,779.4000244140625,766.7189331054688,29028060,HDFCBANK.NS
2026-05-05T00:00:00.000Z,774.4000244140625,776.9000244140625,763.7000122070312,772.2999877929688,759.734375,38887657,HDFCBANK.NS
2026-05-06T00:00:00.000Z,775.1500244140625,798.9500122070312,773.5,796.5499877929688,783.58984375,35530831,HDFCBANK.NS
2026-05-07T00:00:00.000Z,794.0,801.5499877929688,788.5499877929688,796.0499877929688,783.0979614257812,46137553,HDFCBANK.NS
2026-05-08T00:00:00.000Z,784.0,788.75,777.2000122070312,780.8499755859375,768.145263671875,38016841,HDFCBANK.NS
2026-05-11T00:00:00.000Z,771.9500122070312,774.8499755859375,761.9000244140625,763.6500244140625,751.2251586914062,41123422,HDFCBANK.NS
2026-05-12T00:00:00.000Z,756.5999755859375,759.7000122070312,747.7999877929688,750.4500122070312,738.2399291992188,43937132,HDFCBANK.NS
2026-05-13T00:00:00.000Z,752.0,759.9500122070312,747.3499755859375,749.5999755859375,737.4037475585938,28960919,HDFCBANK.NS
2026-05-14T00:00:00.000Z,751.0,778.2999877929688,747.0,769.5499877929688,757.0291748046875,50992358,HDFCBANK.NS
2026-05-15T00:00:00.000Z,773.0,781.9000244140625,765.4000244140625,767.5,755.0125122070312,24347873,HDFCBANK.NS
2026-05-18T00:00:00.000Z,759.0,774.0999755859375,751.3499755859375,768.6500244140625,756.143798828125,29812079,HDFCBANK.NS
2026-05-19T00:00:00.000Z,766.7000122070312,770.7999877929688,760.25,762.4500122070312,750.044677734375,40307830,HDFCBANK.NS
2026-05-20T00:00:00.000Z,759.5999755859375,762.25,755.1500244140625,759.5,747.1427001953125,24013451,HDFCBANK.NS
2026-05-21T00:00:00.000Z,767.0,768.25,755.1500244140625,759.1500244140625,746.7984008789062,34664725,HDFCBANK.NS
2026-05-22T00:00:00.000Z,759.1500244140625,775.0,759.1500244140625,766.7999877929688,754.3239135742188,25604071,HDFCBANK.NS
2026-05-25T00:00:00.000Z,776.0,787.8499755859375,775.2000122070312,786.8499755859375,774.0476684570312,26043952,HDFCBANK.NS
2026-05-26T00:00:00.000Z,784.0499877929688,790.8499755859375,776.75,778.9000244140625,766.22705078125,31528062,HDFCBANK.NS
2026-05-27T00:00:00.000Z,769.5,773.9000244140625,756.9000244140625,758.6500244140625,746.3065185546875,63680153,HDFCBANK.NS
2026-05-28T00:00:00.000Z,758.6500244140625,758.6500244140625,758.6500244140625,758.6500244140625,746.3065185546875,0,HDFCBANK.NS
2026-05-29T00:00:00.000Z,746.0499877929688,760.5,737.75,744.5499877929688,732.4359130859375,101299431,HDFCBANK.NS
2026-06-01T00:00:00.000Z,749.0,752.3499755859375,739.2000122070312,742.7000122070312,730.6160278320312,47996441,HDFCBANK.NS
2026-06-02T00:00:00.000Z,737.0,753.5999755859375,733.1500244140625,748.25,736.0757446289062,47314447,HDFCBANK.NS
2026-06-03T00:00:00.000Z,744.4500122070312,756.9000244140625,742.5999755859375,753.6500244140625,741.3878784179688,36109480,HDFCBANK.NS
2026-06-04T00:00:00.000Z,749.1500244140625,757.2999877929688,745.0,754.2000122070312,741.9288940429688,42673538,HDFCBANK.NS
2026-06-05T00:00:00.000Z,753.9500122070312,758.7000122070312,744.6500244140625,747.0499877929688,734.8952026367188,22116568,HDFCBANK.NS
2026-06-08T00:00:00.000Z,738.0,741.5,734.5,738.6500244140625,726.6319580078125,21550700,HDFCBANK.NS
2026-06-09T00:00:00.000Z,739.4500122070312,743.9500122070312,732.2999877929688,738.3499755859375,726.3367919921875,38539563,HDFCBANK.NS
2026-06-10T00:00:00.000Z,736.5,755.9500122070312,736.4000244140625,746.8499755859375,734.698486328125,44458159,HDFCBANK.NS
2026-06-11T00:00:00.000Z,743.0,756.0,740.0999755859375,744.5999755859375,732.485107421875,32632007,HDFCBANK.NS
2026-06-12T00:00:00.000Z,754.7000122070312,774.4500122070312,753.0999755859375,772.4500122070312,759.8819580078125,36088159,HDFCBANK.NS
2026-06-15T00:00:00.000Z,790.0,793.5,775.5999755859375,777.3499755859375,764.7022094726562,39990334,HDFCBANK.NS
2026-06-16T00:00:00.000Z,780.5,787.7000122070312,779.4500122070312,784.9000244140625,772.1294555664062,27820970,HDFCBANK.NS
2026-06-17T00:00:00.000Z,787.6500244140625,794.2999877929688,783.0999755859375,787.0999755859375,774.2935791015625,32405604,HDFCBANK.NS
2026-06-18T00:00:00.000Z,786.5,802.9500122070312,786.2000122070312,799.0,786.0,41492071,HDFCBANK.NS
2026-06-19T00:00:00.000Z,788.7000122070312,789.0499877929688,776.2000122070312,779.7999877929688,779.7999877929688,33798761,HDFCBANK.NS
2026-06-22T00:00:00.000Z,789.9000244140625,789.9000244140625,783.0999755859375,786.4000244140625,786.4000244140625,25194765,HDFCBANK.NS
2026-06-23T00:00:00.000Z,783.0499877929688,790.9000244140625,772.5499877929688,774.6500244140625,774.6500244140625,28289062,HDFCBANK.NS
2026-06-24T00:00:00.000Z,773.0,794.9000244140625,772.6500244140625,793.2000122070312,793.2000122070312,34701292,HDFCBANK.NS
2026-06-25T00:00:00.000Z,798.5,804.4500122070312,794.75,796.2999877929688,796.2999877929688,46707966,HDFCBANK.NS
2026-06-26T00:00:00.000Z,796.2999877929688,796.2999877929688,796.2999877929688,796.2999877929688,796.2999877929688,0,HDFCBANK.NS
2026-06-29T00:00:00.000Z,800.0,805.9000244140625,793.2999877929688,798.9000244140625,798.9000244140625,46695977,HDFCBANK.NS
2026-06-30T00:00:00.000Z,806.0999755859375,806.0999755859375,792.75,797.9500122070312,797.9500122070312,45778356,HDFCBANK.NS
2026-07-01T00:00:00.000Z,793.5,802.25,793.5,796.1500244140625,796.1500244140625,26094378,HDFCBANK.NS
2026-07-02T00:00:00.000Z,795.0,805.4500122070312,794.0,795.9000244140625,795.9000244140625,34143823,HDFCBANK.NS
2026-07-03T00:00:00.000Z,803.0,807.0,798.5499877929688,801.0499877929688,801.0499877929688,25871958,HDFCBANK.NS
2026-07-06T00:00:00.000Z,805.0,831.5,805.0,829.8499755859375,829.8499755859375,63203327,HDFCBANK.NS
2026-07-07T00:00:00.000Z,843.0,843.0,826.0999755859375,829.2999877929688,829.2999877929688,57611729,HDFCBANK.NS
2026-07-08T00:00:00.000Z,825.9000244140625,834.3499755859375,806.9500122070312,810.2999877929688,810.2999877929688,38754632,HDFCBANK.NS
2026-07-09T00:00:00.000Z,813.0,822.8499755859375,812.2999877929688,817.5499877929688,817.5499877929688,39891798,HDFCBANK.NS
2026-07-10T00:00:00.000Z,824.0,827.7000122070312,820.2999877929688,824.9500122070312,824.9500122070312,23595785,HDFCBANK.NS
2026-07-13T00:00:00.000Z,817.0,821.9500122070312,811.0,817.9500122070312,817.9500122070312,21741736,HDFCBANK.NS
2026-07-14T00:00:00.000Z,811.4000244140625,818.4000244140625,807.0,809.4000244140625,809.4000244140625,25605395,HDFCBANK.NS
2026-07-15T00:00:00.000Z,811.0,819.7000122070312,809.7000122070312,815.4500122070312,815.4500122070312,21488739,HDFCBANK.NS
2026-07-16T00:00:00.000Z,814.5,818.0,806.5,808.2999877929688,808.2999877929688,18698186,HDFCBANK.NS
2026-07-17T00:00:00.000Z,810.0,823.7000122070312,808.5,819.5999755859375,819.5999755859375,17415322,HDFCBANK.NS
2026-07-20T00:00:00.000Z,790.0,790.0,774.5499877929688,777.5999755859375,777.5999755859375,56061789,HDFCBANK.NS
2026-07-21T00:00:00.000Z,769.1500244140625,772.5,760.0999755859375,761.4500122070312,761.4500122070312,42246009,HDFCBANK.NS
2026-07-22T00:00:00.000Z,760.25,761.3499755859375,750.3499755859375,753.1500244140625,753.1500244140625,23385446,HDFCBANK.NS
2026-07-23T00:00:00.000Z,749.4000244140625,751.0,743.25,747.25,747.25,32532090,HDFCBANK.NS
2026-07-24T00:00:00.000Z,738.5,748.25,737.25,742.7999877929688,742.7999877929688,23837859,HDFCBANK.NS
2026-07-27T00:00:00.000Z,746.0999755859375,747.9500122070312,738.0999755859375,739.5499877929688,739.5499877929688,29678752,HDFCBANK.NS
2026-07-28T00:00:00.000Z,732.0,740.25,732.0,735.4000244140625,735.4000244140625,33886037,HDFCBANK.NS
2026-07-29T00:00:00.000Z,743.0,751.25,740.7999877929688,748.2000122070312,748.2000122070312,20460659,HDFCBANK.NS
2026-07-30T00:00:00.000Z,752.7999877929688,757.9000244140625,745.5,753.9500122070312,753.9500122070312,35844392,HDFCBANK.NS
2026-07-31T00:00:00.000Z,753.9500122070312,757.5499877929688,747.2000122070312,748.1500244140625,748.1500244140625,25522483,HDFCBANK.NS
2021-08-06T00:00:00.000Z,741.7750244140625,750.0,737.0,746.3250122070312,698.4089965820312,13339270,HDFCBANK.NS
2021-08-09T00:00:00.000Z,746.0,753.6749877929688,738.0,751.9500122070312,703.6729736328125,10998048,HDFCBANK.NS
2021-08-10T00:00:00.000Z,744.5,759.875,744.5,753.8250122070312,705.427490234375,14838346,HDFCBANK.NS
2021-08-11T00:00:00.000Z,757.4500122070312,759.4249877929688,745.5250244140625,747.4749755859375,699.4851684570312,12585786,HDFCBANK.NS
2021-08-12T00:00:00.000Z,748.5,753.7999877929688,744.6500244140625,750.7000122070312,702.5031127929688,8597674,HDFCBANK.NS
2021-08-13T00:00:00.000Z,750.5999755859375,765.5,750.5,763.0999755859375,714.1070556640625,16658428,HDFCBANK.NS
2021-08-16T00:00:00.000Z,763.0750122070312,767.5,760.7249755859375,765.2999877929688,716.165771484375,6252778,HDFCBANK.NS
2021-08-17T00:00:00.000Z,758.5999755859375,762.0,752.6500244140625,757.3250122070312,708.7027587890625,8282666,HDFCBANK.NS
2021-08-18T00:00:00.000Z,778.3499755859375,782.6749877929688,754.1749877929688,756.5,707.9307250976562,22985932,HDFCBANK.NS
2021-08-20T00:00:00.000Z,743.0250244140625,759.9000244140625,743.0250244140625,757.375,708.7496337890625,13150406,HDFCBANK.NS
2021-08-23T00:00:00.000Z,764.9249877929688,766.5750122070312,754.3250122070312,762.2999877929688,713.3583374023438,10843054,HDFCBANK.NS
2021-08-24T00:00:00.000Z,765.0,782.25,763.7249755859375,779.4249877929688,729.3839111328125,18381314,HDFCBANK.NS
2021-08-25T00:00:00.000Z,776.0499877929688,782.4000244140625,774.0,778.7000122070312,728.7054443359375,7727974,HDFCBANK.NS
2021-08-26T00:00:00.000Z,775.0,785.5,771.7249755859375,777.4000244140625,727.4888916015625,11119002,HDFCBANK.NS
2021-08-27T00:00:00.000Z,776.0,779.3250122070312,772.625,774.2249755859375,724.517822265625,6382138,HDFCBANK.NS
2021-08-30T00:00:00.000Z,777.7999877929688,785.0,775.7999877929688,784.125,733.7821044921875,9049166,HDFCBANK.NS
2021-08-31T00:00:00.000Z,781.75,791.6749877929688,781.0999755859375,790.7000122070312,739.9349975585938,12062576,HDFCBANK.NS
2021-09-01T00:00:00.000Z,787.5,799.0,787.25,789.5499877929688,738.8588256835938,12422558,HDFCBANK.NS
2021-09-02T00:00:00.000Z,787.0499877929688,796.0,785.625,794.5,743.4910888671875,9618524,HDFCBANK.NS
2021-09-03T00:00:00.000Z,793.0499877929688,799.0,784.1500244140625,788.0250244140625,737.4317626953125,10735334,HDFCBANK.NS
2021-09-06T00:00:00.000Z,789.9749755859375,790.4749755859375,780.9749755859375,782.8499755859375,732.5890502929688,7876896,HDFCBANK.NS
2021-09-07T00:00:00.000Z,781.25,791.0,777.5999755859375,784.625,734.25,7245496,HDFCBANK.NS
2021-09-08T00:00:00.000Z,785.9749755859375,790.25,782.7999877929688,788.2000122070312,737.5956420898438,6724080,HDFCBANK.NS
2021-09-09T00:00:00.000Z,787.0,789.7249755859375,780.5,784.2999877929688,733.9459228515625,8250948,HDFCBANK.NS
2021-09-13T00:00:00.000Z,781.0,792.0,776.8250122070312,777.7750244140625,727.8399658203125,8959164,HDFCBANK.NS
2021-09-14T00:00:00.000Z,780.0,782.25,773.2999877929688,774.2750244140625,724.5645141601562,9758506,HDFCBANK.NS
2021-09-15T00:00:00.000Z,767.5,777.4000244140625,767.5,773.4000244140625,723.7456665039062,14822998,HDFCBANK.NS
2021-09-16T00:00:00.000Z,768.875,782.1500244140625,768.1500244140625,779.9749755859375,729.8986206054688,10260550,HDFCBANK.NS
2021-09-17T00:00:00.000Z,784.5,794.5,779.5999755859375,791.0750122070312,740.2860107421875,20498102,HDFCBANK.NS
2021-09-20T00:00:00.000Z,782.0,790.8499755859375,779.0,779.9249877929688,729.8517456054688,8781610,HDFCBANK.NS
2021-09-21T00:00:00.000Z,781.0,784.3250122070312,764.4749755859375,775.9749755859375,726.1554565429688,14774996,HDFCBANK.NS
2021-09-22T00:00:00.000Z,774.5,775.0750122070312,765.0,766.8499755859375,717.6162719726562,10582202,HDFCBANK.NS
2021-09-23T00:00:00.000Z,771.0,786.0,771.0,785.0,734.6010131835938,13664304,HDFCBANK.NS
2021-09-24T00:00:00.000Z,789.5,803.9749755859375,787.5,800.7750244140625,749.3632202148438,20806702,HDFCBANK.NS
2021-09-27T00:00:00.000Z,807.8499755859375,817.75,804.0,812.5499877929688,760.3822021484375,16415462,HDFCBANK.NS
2021-09-28T00:00:00.000Z,816.0,816.0,791.0,807.5250244140625,755.6798095703125,12773790,HDFCBANK.NS
2021-09-29T00:00:00.000Z,798.5,803.2999877929688,792.5750122070312,796.9249877929688,745.7603759765625,16263036,HDFCBANK.NS
2021-09-30T00:00:00.000Z,793.0,803.1749877929688,791.5499877929688,797.4749755859375,746.2750244140625,15975348,HDFCBANK.NS
2021-10-01T00:00:00.000Z,791.5,794.5,782.625,791.3499755859375,740.543212890625,11128596,HDFCBANK.NS
2021-10-04T00:00:00.000Z,794.5,800.6749877929688,791.7999877929688,792.875,741.9703979492188,7051028,HDFCBANK.NS
2021-10-05T00:00:00.000Z,796.0,798.75,788.125,797.7249755859375,746.5089111328125,10257178,HDFCBANK.NS
2021-10-06T00:00:00.000Z,798.0,813.4249877929688,793.5,807.4500122070312,755.6096801757812,18600830,HDFCBANK.NS
2021-10-07T00:00:00.000Z,813.2999877929688,813.8499755859375,803.5,805.25,753.5509643554688,11265724,HDFCBANK.NS
2021-10-08T00:00:00.000Z,806.0,811.0,800.0750122070312,801.3250122070312,749.8778686523438,7245562,HDFCBANK.NS
2021-10-11T00:00:00.000Z,799.9500122070312,822.5,799.5,816.9000244140625,764.4530029296875,13080848,HDFCBANK.NS
2021-10-12T00:00:00.000Z,812.5,820.7750244140625,812.5,814.7999877929688,762.48779296875,8176946,HDFCBANK.NS
2021-10-13T00:00:00.000Z,818.5,824.0,815.0,819.7000122070312,767.0731201171875,6225644,HDFCBANK.NS
2021-10-14T00:00:00.000Z,819.0,845.0,819.0,843.7000122070312,789.5322875976562,14757288,HDFCBANK.NS
2021-10-18T00:00:00.000Z,852.5,862.5,833.5250244140625,835.1500244140625,781.53125,28856456,HDFCBANK.NS
2021-10-19T00:00:00.000Z,837.7249755859375,846.2249755859375,835.5,844.3499755859375,790.1405029296875,8987540,HDFCBANK.NS
2021-10-20T00:00:00.000Z,844.5499877929688,849.375,832.2249755859375,836.9249877929688,783.1922607421875,10908568,HDFCBANK.NS
2021-10-21T00:00:00.000Z,835.9000244140625,840.9749755859375,830.4249877929688,838.1500244140625,784.338623046875,9738190,HDFCBANK.NS
2021-10-22T00:00:00.000Z,840.0499877929688,854.0,835.375,840.375,786.4207763671875,12175554,HDFCBANK.NS
2021-10-25T00:00:00.000Z,845.0,845.0,806.9000244140625,828.5,775.3081665039062,16426766,HDFCBANK.NS
2021-10-26T00:00:00.000Z,825.0,836.9249877929688,823.1749877929688,826.375,773.3196411132812,12090656,HDFCBANK.NS
2021-10-27T00:00:00.000Z,826.375,832.5250244140625,818.6500244140625,821.4000244140625,768.6640625,13249642,HDFCBANK.NS
2021-10-28T00:00:00.000Z,825.0,825.0,793.5750122070312,796.7999877929688,745.6434936523438,17797750,HDFCBANK.NS
2021-10-29T00:00:00.000Z,795.0,801.0,780.0,791.4249877929688,740.6134643554688,12406874,HDFCBANK.NS
2021-11-01T00:00:00.000Z,792.5,805.5,791.7750244140625,802.6500244140625,751.1177978515625,8122320,HDFCBANK.NS
2021-11-02T00:00:00.000Z,803.0,811.0,800.0250244140625,803.375,751.7962646484375,13237722,HDFCBANK.NS
2021-11-03T00:00:00.000Z,802.5499877929688,804.9500122070312,787.7750244140625,790.7249755859375,739.9584350585938,10207338,HDFCBANK.NS
2021-11-04T00:00:00.000Z,797.5,798.9249877929688,795.0499877929688,796.9749755859375,745.8071899414062,1096808,HDFCBANK.NS
2021-11-08T00:00:00.000Z,796.0499877929688,802.3499755859375,785.2249755859375,800.125,748.7549438476562,18943580,HDFCBANK.NS
2021-11-09T00:00:00.000Z,797.2999877929688,797.2999877929688,784.5250244140625,786.125,735.65380859375,12695476,HDFCBANK.NS
2021-11-10T00:00:00.000Z,784.0,784.5,775.0,777.625,727.6995849609375,13714126,HDFCBANK.NS
2021-11-11T00:00:00.000Z,775.0250244140625,777.4500122070312,767.7999877929688,774.1500244140625,724.4476318359375,7999404,HDFCBANK.NS
2021-11-12T00:00:00.000Z,775.0,779.5250244140625,772.5250244140625,776.5,726.646728515625,14914092,HDFCBANK.NS
2021-11-15T00:00:00.000Z,781.0499877929688,785.9249877929688,777.2000122070312,778.625,728.63525390625,9533594,HDFCBANK.NS
2021-11-16T00:00:00.000Z,777.5,778.5999755859375,770.7999877929688,774.0,724.3071899414062,8245406,HDFCBANK.NS
2021-11-17T00:00:00.000Z,768.4500122070312,772.0,764.25,765.4000244140625,716.2593994140625,7598878,HDFCBANK.NS
2021-11-18T00:00:00.000Z,763.0250244140625,771.75,762.625,769.7000122070312,720.2833251953125,9152874,HDFCBANK.NS
2021-11-22T00:00:00.000Z,773.0,776.3499755859375,749.5250244140625,757.6749877929688,709.0302734375,15261272,HDFCBANK.NS
2021-11-23T00:00:00.000Z,751.0,763.9000244140625,748.1749877929688,757.7750244140625,709.1239624023438,11235214,HDFCBANK.NS
2021-11-24T00:00:00.000Z,762.0,768.1749877929688,757.0250244140625,759.0250244140625,710.2936401367188,30802286,HDFCBANK.NS
2021-11-25T00:00:00.000Z,757.4000244140625,766.6500244140625,753.5,762.9749755859375,713.989990234375,10251652,HDFCBANK.NS
2021-11-26T00:00:00.000Z,750.0,753.3499755859375,742.5,744.9500122070312,697.122314453125,18624936,HDFCBANK.NS
2021-11-29T00:00:00.000Z,747.4000244140625,753.8250122070312,731.0,750.625,702.4329223632812,12990996,HDFCBANK.NS
2021-11-30T00:00:00.000Z,747.5,764.5,743.2750244140625,746.7750244140625,698.8301391601562,25221542,HDFCBANK.NS
2021-12-01T00:00:00.000Z,747.5,753.5250244140625,744.5499877929688,752.3250122070312,704.0238037109375,8677634,HDFCBANK.NS
2021-12-02T00:00:00.000Z,752.25,764.4000244140625,750.0,762.875,713.896484375,11203110,HDFCBANK.NS
2021-12-03T00:00:00.000Z,762.9000244140625,767.9749755859375,753.5250244140625,756.7750244140625,708.1881713867188,8124694,HDFCBANK.NS
2021-12-06T00:00:00.000Z,756.5,759.4000244140625,748.6749877929688,751.9000244140625,703.6261596679688,7029532,HDFCBANK.NS
2021-12-07T00:00:00.000Z,756.9749755859375,766.0,754.9500122070312,762.8499755859375,713.873046875,12427534,HDFCBANK.NS
2021-12-08T00:00:00.000Z,768.0,777.5250244140625,767.0,776.9000244140625,727.0210571289062,15295534,HDFCBANK.NS
2021-12-09T00:00:00.000Z,772.5999755859375,777.3499755859375,761.0,763.4249877929688,714.4111328125,11747744,HDFCBANK.NS
2021-12-10T00:00:00.000Z,762.4500122070312,764.0,754.2249755859375,761.2750244140625,712.3992309570312,7779384,HDFCBANK.NS
2021-12-13T00:00:00.000Z,763.0,768.8250122070312,753.5999755859375,755.5750122070312,707.0651245117188,10322142,HDFCBANK.NS
2021-12-14T00:00:00.000Z,751.25,758.0,748.5250244140625,751.2249755859375,702.9944458007812,9191100,HDFCBANK.NS
2021-12-15T00:00:00.000Z,751.5,761.6749877929688,747.8250122070312,750.0,701.8480834960938,10115148,HDFCBANK.NS
2021-12-16T00:00:00.000Z,756.4000244140625,758.5,747.0,750.0499877929688,701.8948974609375,13210432,HDFCBANK.NS
2021-12-17T00:00:00.000Z,748.5,753.0,733.8499755859375,736.5250244140625,689.2381591796875,14994768,HDFCBANK.NS
2021-12-20T00:00:00.000Z,726.0,729.0,707.0499877929688,712.8250122070312,667.0599365234375,21156668,HDFCBANK.NS
2021-12-21T00:00:00.000Z,719.75,725.375,715.0,720.9000244140625,674.6163940429688,9118750,HDFCBANK.NS
2021-12-22T00:00:00.000Z,726.1500244140625,728.0,717.8499755859375,722.5999755859375,676.207275390625,8577484,HDFCBANK.NS
2021-12-23T00:00:00.000Z,726.625,728.9000244140625,718.4249877929688,722.0499877929688,675.6925048828125,9779166,HDFCBANK.NS
2021-12-24T00:00:00.000Z,722.75,726.0,714.0,719.4500122070312,673.259521484375,5561024,HDFCBANK.NS
2021-12-27T00:00:00.000Z,714.4500122070312,727.0,711.0750122070312,725.4000244140625,678.8275756835938,4705098,HDFCBANK.NS
2021-12-28T00:00:00.000Z,730.3499755859375,733.4500122070312,726.7000122070312,730.4000244140625,683.5065307617188,5450678,HDFCBANK.NS
2021-12-29T00:00:00.000Z,728.0250244140625,730.5,723.7000122070312,726.9249877929688,680.2545776367188,7668702,HDFCBANK.NS
2021-12-30T00:00:00.000Z,729.25,733.4249877929688,722.5,730.75,683.833984375,7215918,HDFCBANK.NS
2021-12-31T00:00:00.000Z,730.75,742.4000244140625,730.75,739.7000122070312,692.2093505859375,6325736,HDFCBANK.NS
2022-01-03T00:00:00.000Z,742.5,761.5,740.25,759.8250122070312,711.0422973632812,9069184,HDFCBANK.NS
2022-01-04T00:00:00.000Z,760.0,766.4500122070312,753.9000244140625,764.2750244140625,715.2066040039062,8857352,HDFCBANK.NS
2022-01-05T00:00:00.000Z,768.4000244140625,786.0,764.0499877929688,782.4249877929688,732.1912841796875,14332638,HDFCBANK.NS
2022-01-06T00:00:00.000Z,771.5,777.375,765.0250244140625,769.875,720.447021484375,9628930,HDFCBANK.NS
2022-01-07T00:00:00.000Z,772.0,783.375,767.9500122070312,775.2750244140625,725.5003662109375,11179384,HDFCBANK.NS
2022-01-10T00:00:00.000Z,779.0,786.0,772.75,779.5750122070312,729.5242919921875,8856496,HDFCBANK.NS
2022-01-11T00:00:00.000Z,780.7750244140625,784.3499755859375,773.9000244140625,782.9500122070312,732.6826171875,8389198,HDFCBANK.NS
2022-01-12T00:00:00.000Z,784.0,788.3250122070312,776.0,778.3250122070312,728.3545532226562,21085530,HDFCBANK.NS
2022-01-13T00:00:00.000Z,777.5,777.5,760.2000122070312,764.0,714.9492797851562,41963896,HDFCBANK.NS
2022-01-14T00:00:00.000Z,765.0,774.3499755859375,759.5,772.5750122070312,722.9737548828125,11208968,HDFCBANK.NS
2022-01-17T00:00:00.000Z,765.0,778.0,759.5750122070312,760.75,711.9078369140625,22989372,HDFCBANK.NS
2022-01-18T00:00:00.000Z,766.5,775.4500122070312,761.5,764.625,715.5341186523438,12341152,HDFCBANK.NS
2022-01-19T00:00:00.000Z,767.0,769.875,756.6749877929688,759.2249755859375,710.4807739257812,14317626,HDFCBANK.NS
2022-01-20T00:00:00.000Z,764.2249755859375,764.25,750.0499877929688,754.5,706.0591430664062,15197846,HDFCBANK.NS
2022-01-21T00:00:00.000Z,750.0,764.9000244140625,742.7999877929688,760.7999877929688,711.9547119140625,11537694,HDFCBANK.NS
2022-01-24T00:00:00.000Z,754.9749755859375,760.625,733.7750244140625,743.3250122070312,695.6016845703125,11868508,HDFCBANK.NS
2022-01-25T00:00:00.000Z,729.3250122070312,747.5,722.0,744.0250244140625,696.2566528320312,13594248,HDFCBANK.NS
2022-01-27T00:00:00.000Z,725.0,742.5,717.5,737.4749755859375,690.127197265625,28617838,HDFCBANK.NS
2022-01-28T00:00:00.000Z,738.75,743.3499755859375,730.0,731.625,684.65283203125,24925208,HDFCBANK.NS
2022-01-31T00:00:00.000Z,736.375,745.7750244140625,733.4000244140625,742.8499755859375,695.1571044921875,12842546,HDFCBANK.NS
2022-02-01T00:00:00.000Z,754.25,758.5,736.7249755859375,748.5,700.4443969726562,14739484,HDFCBANK.NS
2022-02-02T00:00:00.000Z,755.9749755859375,767.5,752.7999877929688,765.5999755859375,716.4464721679688,13969290,HDFCBANK.NS
2022-02-03T00:00:00.000Z,764.375,769.9749755859375,754.5,757.6749877929688,709.0302734375,10564762,HDFCBANK.NS
2022-02-04T00:00:00.000Z,764.2000122070312,766.4249877929688,757.0499877929688,762.0,713.0775756835938,11579958,HDFCBANK.NS
2022-02-07T00:00:00.000Z,756.0499877929688,759.5,730.0,734.0750122070312,686.9454956054688,12268042,HDFCBANK.NS
2022-02-08T00:00:00.000Z,738.2000122070312,739.2249755859375,722.2750244140625,730.9249877929688,683.9977416992188,13981130,HDFCBANK.NS
2022-02-09T00:00:00.000Z,737.0,749.8499755859375,733.5,748.7999877929688,700.72509765625,11308342,HDFCBANK.NS
2022-02-10T00:00:00.000Z,757.0,767.75,750.8250122070312,762.5499877929688,713.59228515625,14314530,HDFCBANK.NS
2022-02-11T00:00:00.000Z,750.125,762.5,749.75,759.4249877929688,710.66796875,10711104,HDFCBANK.NS
2022-02-14T00:00:00.000Z,745.0,749.7249755859375,734.6500244140625,736.8499755859375,689.5424194335938,14656620,HDFCBANK.NS
2022-02-15T00:00:00.000Z,738.0,762.4500122070312,736.5250244140625,758.9000244140625,710.1767578125,13135066,HDFCBANK.NS
2022-02-16T00:00:00.000Z,767.1749877929688,767.375,753.5,757.875,709.2174072265625,10032264,HDFCBANK.NS
2022-02-17T00:00:00.000Z,756.5499877929688,761.0,751.0,753.25,704.8893432617188,7351208,HDFCBANK.NS
2022-02-18T00:00:00.000Z,749.1500244140625,758.5,745.2249755859375,756.1749877929688,707.6266479492188,7796128,HDFCBANK.NS
2022-02-21T00:00:00.000Z,752.0,765.3499755859375,747.7750244140625,761.0499877929688,712.188720703125,7468066,HDFCBANK.NS
2022-02-22T00:00:00.000Z,744.9000244140625,761.0499877929688,743.9749755859375,755.3499755859375,706.8545532226562,9536196,HDFCBANK.NS
2022-02-23T00:00:00.000Z,762.5499877929688,762.8499755859375,747.8250122070312,750.4500122070312,702.2692260742188,9029562,HDFCBANK.NS
2022-02-24T00:00:00.000Z,724.9500122070312,737.4749755859375,703.5750122070312,709.7000122070312,664.1354370117188,23630766,HDFCBANK.NS
2022-02-25T00:00:00.000Z,719.9749755859375,732.9500122070312,716.4249877929688,728.0499877929688,681.307373046875,18318654,HDFCBANK.NS
2022-02-28T00:00:00.000Z,713.0,719.2750244140625,707.0250244140625,713.125,667.3405151367188,24880832,HDFCBANK.NS
2022-03-02T00:00:00.000Z,693.25,699.2000122070312,677.2000122070312,687.125,643.0098266601562,38505560,HDFCBANK.NS
2022-03-03T00:00:00.000Z,690.5,696.0,681.4500122070312,685.5,641.4891357421875,17527922,HDFCBANK.NS
2022-03-04T00:00:00.000Z,680.0,693.0,668.4500122070312,683.25,639.3836669921875,21219364,HDFCBANK.NS
2022-03-07T00:00:00.000Z,659.25,666.1749877929688,648.5250244140625,662.4000244140625,619.8722534179688,27054458,HDFCBANK.NS
2022-03-08T00:00:00.000Z,651.0999755859375,667.0,646.0,663.9000244140625,621.2760009765625,39212492,HDFCBANK.NS
2022-03-09T00:00:00.000Z,665.0,687.3499755859375,659.4249877929688,685.5750122070312,641.5593872070312,23134694,HDFCBANK.NS
2022-03-10T00:00:00.000Z,713.5,713.5,690.125,696.3499755859375,651.642578125,22273206,HDFCBANK.NS
2022-03-11T00:00:00.000Z,694.0,704.4749755859375,686.3499755859375,698.4000244140625,653.5609741210938,15150780,HDFCBANK.NS
2022-03-14T00:00:00.000Z,707.5,725.0,707.5,721.2750244140625,674.96728515625,25018126,HDFCBANK.NS
2022-03-15T00:00:00.000Z,721.75,724.75,705.875,712.0,666.2877197265625,18867928,HDFCBANK.NS
2022-03-16T00:00:00.000Z,723.5,727.5,718.0999755859375,724.0750122070312,677.5875854492188,13364108,HDFCBANK.NS
2022-03-17T00:00:00.000Z,736.0,744.9000244140625,735.2750244140625,740.0250244140625,692.5135498046875,14823954,HDFCBANK.NS
2022-03-21T00:00:00.000Z,743.5,746.8250122070312,736.4000244140625,743.25,695.5314331054688,12257876,HDFCBANK.NS
2022-03-22T00:00:00.000Z,740.6500244140625,749.0,728.5999755859375,747.0750122070312,699.1109619140625,10461814,HDFCBANK.NS
2022-03-23T00:00:00.000Z,753.5,759.4000244140625,736.7999877929688,739.625,692.13916015625,31188256,HDFCBANK.NS
2022-03-24T00:00:00.000Z,733.0,734.8250122070312,717.2750244140625,721.3250122070312,675.0140991210938,20160044,HDFCBANK.NS
2022-03-25T00:00:00.000Z,725.5,726.0,709.5,715.4500122070312,669.5162963867188,16366462,HDFCBANK.NS
2022-03-28T00:00:00.000Z,715.4500122070312,719.0,700.7999877929688,716.4000244140625,670.4052734375,15754886,HDFCBANK.NS
2022-03-29T00:00:00.000Z,720.5,730.125,715.0,725.9000244140625,679.2953491210938,12377448,HDFCBANK.NS
2022-03-30T00:00:00.000Z,736.0,741.375,727.0250244140625,738.4749755859375,691.06298828125,20109742,HDFCBANK.NS
2022-03-31T00:00:00.000Z,735.5,742.3499755859375,732.9500122070312,735.1749877929688,687.9749145507812,14295714,HDFCBANK.NS
2022-04-01T00:00:00.000Z,738.2000122070312,755.0,735.1500244140625,753.0,704.655517578125,14568556,HDFCBANK.NS
2022-04-04T00:00:00.000Z,790.0,861.0499877929688,781.2750244140625,828.4000244140625,775.2146606445312,97450970,HDFCBANK.NS
2022-04-05T00:00:00.000Z,833.3499755859375,833.3499755859375,801.0,804.125,752.4981079101562,30922582,HDFCBANK.NS
2022-04-06T00:00:00.000Z,793.8499755859375,794.9000244140625,773.6749877929688,775.4249877929688,725.6406860351562,27027860,HDFCBANK.NS
2022-04-07T00:00:00.000Z,770.6500244140625,770.6749877929688,756.8499755859375,758.375,709.6853637695312,40781732,HDFCBANK.NS
2022-04-08T00:00:00.000Z,756.0499877929688,762.875,748.6500244140625,757.3250122070312,708.7027587890625,41256322,HDFCBANK.NS
2022-04-11T00:00:00.000Z,753.0,755.0,746.625,748.0750122070312,700.0467529296875,20799066,HDFCBANK.NS
2022-04-12T00:00:00.000Z,742.0,753.4249877929688,740.0750122070312,746.75,698.8067626953125,27435402,HDFCBANK.NS
2022-04-13T00:00:00.000Z,745.0,751.1500244140625,731.3250122070312,732.4749755859375,685.4481811523438,28892520,HDFCBANK.NS
2022-04-18T00:00:00.000Z,709.4249877929688,715.8250122070312,695.0250244140625,697.7249755859375,652.9292602539062,45620376,HDFCBANK.NS
2022-04-19T00:00:00.000Z,690.4500122070312,694.7750244140625,663.5,671.0999755859375,628.0137329101562,74096022,HDFCBANK.NS
2022-04-20T00:00:00.000Z,677.2249755859375,679.9500122070312,667.6749877929688,677.1500244140625,633.67529296875,49325736,HDFCBANK.NS
2022-04-21T00:00:00.000Z,682.5,689.9000244140625,676.6500244140625,687.1749877929688,643.056640625,52446270,HDFCBANK.NS
2022-04-22T00:00:00.000Z,680.0,687.6749877929688,674.5750122070312,677.7999877929688,634.283447265625,20659148,HDFCBANK.NS
2022-04-25T00:00:00.000Z,675.0,685.3250122070312,661.125,682.875,639.0325927734375,20935488,HDFCBANK.NS
2022-04-26T00:00:00.000Z,686.0,690.9749755859375,678.5750122070312,686.0250244140625,641.98046875,17016842,HDFCBANK.NS
2022-04-27T00:00:00.000Z,680.0,689.5,678.0499877929688,686.2750244140625,642.2144165039062,18054334,HDFCBANK.NS
2022-04-28T00:00:00.000Z,686.0,689.5,681.0499877929688,685.6749877929688,641.6528930664062,20773722,HDFCBANK.NS
2022-04-29T00:00:00.000Z,690.1749877929688,702.375,685.7750244140625,692.2999877929688,647.8526000976562,28401476,HDFCBANK.NS
2022-05-02T00:00:00.000Z,681.0250244140625,703.2249755859375,681.0250244140625,701.8499755859375,656.7894897460938,19494316,HDFCBANK.NS
2022-05-04T00:00:00.000Z,700.0,701.7999877929688,675.0,678.0,634.4706420898438,29055916,HDFCBANK.NS
2022-05-05T00:00:00.000Z,687.5,687.5,673.25,676.4749755859375,633.0435180664062,17862912,HDFCBANK.NS
2022-05-06T00:00:00.000Z,665.0,667.5,656.5,658.7999877929688,616.5032958984375,26731268,HDFCBANK.NS
2022-05-09T00:00:00.000Z,650.0,663.25,647.75,659.9249877929688,617.5560913085938,32762434,HDFCBANK.NS
2022-05-10T00:00:00.000Z,657.5250244140625,676.5,657.5250244140625,670.5250244140625,627.4755859375,20113812,HDFCBANK.NS
2022-05-11T00:00:00.000Z,676.5,677.5,664.3250122070312,674.2999877929688,631.0081787109375,17102924,HDFCBANK.NS
2022-05-12T00:00:00.000Z,660.5499877929688,663.4000244140625,646.5,651.5250244140625,616.7843627929688,22382290,HDFCBANK.NS
2022-05-13T00:00:00.000Z,655.0250244140625,659.0,643.5,645.6749877929688,611.246337890625,16768238,HDFCBANK.NS
2022-05-16T00:00:00.000Z,649.5,656.0,642.6500244140625,652.5499877929688,617.7546997070312,9804356,HDFCBANK.NS
2022-05-17T00:00:00.000Z,656.2999877929688,658.5,649.0999755859375,657.0,621.9674682617188,16641444,HDFCBANK.NS
2022-05-18T00:00:00.000Z,662.0250244140625,666.6500244140625,655.0,656.9500122070312,621.9201049804688,15732384,HDFCBANK.NS
2022-05-19T00:00:00.000Z,643.0999755859375,648.2000122070312,639.1500244140625,643.5250244140625,609.2109375,20537506,HDFCBANK.NS
2022-05-20T00:00:00.000Z,651.5,662.0999755859375,646.1749877929688,660.4749755859375,625.257080078125,13919350,HDFCBANK.NS
2022-05-23T00:00:00.000Z,657.0,664.9749755859375,649.5499877929688,652.0,617.2340698242188,19486320,HDFCBANK.NS
2022-05-24T00:00:00.000Z,650.0,662.5,648.4500122070312,659.4749755859375,624.3104858398438,12870796,HDFCBANK.NS
2022-05-25T00:00:00.000Z,665.0,667.9749755859375,661.5999755859375,664.4000244140625,628.9728393554688,12887112,HDFCBANK.NS
2022-05-26T00:00:00.000Z,671.0750122070312,685.5,670.0,683.3499755859375,646.912353515625,26992428,HDFCBANK.NS
2022-05-27T00:00:00.000Z,685.9000244140625,697.3499755859375,685.375,696.0250244140625,658.91162109375,24031718,HDFCBANK.NS
2022-05-30T00:00:00.000Z,705.125,710.25,699.2249755859375,700.7750244140625,663.4082641601562,12624674,HDFCBANK.NS
2022-05-31T00:00:00.000Z,697.9500122070312,702.4000244140625,690.0,694.4749755859375,657.4441528320312,13485388,HDFCBANK.NS
2022-06-01T00:00:00.000Z,690.0,700.2249755859375,689.5750122070312,697.4249877929688,660.2368774414062,12091896,HDFCBANK.NS
2022-06-02T00:00:00.000Z,693.625,694.0,689.2999877929688,692.5499877929688,655.6218872070312,11475020,HDFCBANK.NS
2022-06-03T00:00:00.000Z,699.1500244140625,700.375,688.1500244140625,690.1500244140625,653.349853515625,6957244,HDFCBANK.NS
2022-06-06T00:00:00.000Z,688.1500244140625,693.5,680.3250122070312,689.2249755859375,652.4740600585938,6173266,HDFCBANK.NS
2022-06-07T00:00:00.000Z,681.0,687.1500244140625,677.0499877929688,681.2999877929688,644.9716796875,10253966,HDFCBANK.NS
2022-06-08T00:00:00.000Z,686.6500244140625,690.5,678.5,683.7000122070312,647.2437133789062,5986588,HDFCBANK.NS
2022-06-09T00:00:00.000Z,681.125,691.0250244140625,678.5750122070312,688.8499755859375,652.119140625,7311816,HDFCBANK.NS
2022-06-10T00:00:00.000Z,680.0499877929688,683.9749755859375,671.7999877929688,675.5499877929688,639.5283203125,9155430,HDFCBANK.NS
2022-06-13T00:00:00.000Z,661.7999877929688,665.0,654.1500244140625,663.2999877929688,627.9315185546875,10892572,HDFCBANK.NS
2022-06-14T00:00:00.000Z,655.625,663.0,652.5,656.0,621.0208129882812,11870356,HDFCBANK.NS
2022-06-15T00:00:00.000Z,650.8250122070312,657.9000244140625,649.2000122070312,653.7249755859375,618.8670043945312,11810470,HDFCBANK.NS
2022-06-16T00:00:00.000Z,655.0,660.2750244140625,639.0,640.6500244140625,606.4892578125,12169192,HDFCBANK.NS
2022-06-17T00:00:00.000Z,637.5,649.5,635.7999877929688,644.875,610.489013671875,14723922,HDFCBANK.NS
2022-06-20T00:00:00.000Z,652.3499755859375,662.5,647.0750122070312,661.0750122070312,625.8251953125,15936840,HDFCBANK.NS
2022-06-21T00:00:00.000Z,668.4500122070312,677.0,662.0250244140625,668.2750244140625,632.6412353515625,13220684,HDFCBANK.NS
2022-06-22T00:00:00.000Z,666.125,668.4749755859375,661.5999755859375,665.125,629.6592407226562,8159698,HDFCBANK.NS
2022-06-23T00:00:00.000Z,665.25,674.0,659.25,667.5750122070312,631.9785766601562,15372244,HDFCBANK.NS
2022-06-24T00:00:00.000Z,669.2750244140625,680.8250122070312,669.2750244140625,676.9000244140625,640.8063354492188,8013432,HDFCBANK.NS
2022-06-27T00:00:00.000Z,685.0,688.0,676.0,678.125,641.966064453125,9804164,HDFCBANK.NS
2022-06-28T00:00:00.000Z,672.0,675.5,669.2000122070312,672.9500122070312,637.06689453125,9770574,HDFCBANK.NS
2022-06-29T00:00:00.000Z,665.625,675.375,665.625,671.9749755859375,636.1438598632812,9994046,HDFCBANK.NS
2022-06-30T00:00:00.000Z,668.0,677.0,668.0,674.0,638.06103515625,12475822,HDFCBANK.NS
2022-07-01T00:00:00.000Z,671.9749755859375,680.0,665.0250244140625,676.875,640.7826538085938,11472452,HDFCBANK.NS
2022-07-04T00:00:00.000Z,676.8499755859375,680.0999755859375,671.125,677.8250122070312,641.6819458007812,8487480,HDFCBANK.NS
2022-07-05T00:00:00.000Z,682.0,689.6749877929688,674.1500244140625,676.2999877929688,640.2383422851562,14325718,HDFCBANK.NS
2022-07-06T00:00:00.000Z,674.0,686.7000122070312,673.5499877929688,685.625,649.0660400390625,15049078,HDFCBANK.NS
2022-07-07T00:00:00.000Z,690.0,699.0,687.2249755859375,697.9000244140625,660.6865234375,17743142,HDFCBANK.NS
2022-07-08T00:00:00.000Z,705.0,705.0,697.375,698.5499877929688,661.3019409179688,12474030,HDFCBANK.NS
2022-07-11T00:00:00.000Z,697.0,704.9500122070312,696.625,703.0750122070312,665.5856323242188,7462880,HDFCBANK.NS
2022-07-12T00:00:00.000Z,702.625,702.625,694.7000122070312,695.9000244140625,658.7932739257812,9876974,HDFCBANK.NS
2022-07-13T00:00:00.000Z,695.0,697.0999755859375,677.125,678.9249877929688,642.7233276367188,15945610,HDFCBANK.NS
2022-07-14T00:00:00.000Z,681.0,686.3250122070312,674.625,675.5250244140625,639.5046997070312,10372410,HDFCBANK.NS
2022-07-15T00:00:00.000Z,676.5,682.4500122070312,673.4000244140625,681.0250244140625,644.71142578125,13595646,HDFCBANK.NS
2022-07-18T00:00:00.000Z,674.0,683.0499877929688,671.0250244140625,673.7750244140625,637.8480224609375,20332220,HDFCBANK.NS
2022-07-19T00:00:00.000Z,668.5,679.2750244140625,668.5,674.0250244140625,638.0845947265625,15792538,HDFCBANK.NS
2022-07-20T00:00:00.000Z,679.9500122070312,685.5499877929688,677.625,682.5250244140625,646.1314086914062,20347862,HDFCBANK.NS
2022-07-21T00:00:00.000Z,680.2750244140625,684.75,679.0499877929688,680.375,644.0960693359375,12640278,HDFCBANK.NS
2022-07-22T00:00:00.000Z,683.0,698.5,681.2000122070312,696.25,659.1245727539062,12729592,HDFCBANK.NS
2022-07-25T00:00:00.000Z,697.5,702.2999877929688,691.6500244140625,698.2999877929688,661.065185546875,10143126,HDFCBANK.NS
2022-07-26T00:00:00.000Z,698.0,701.0,693.1500244140625,696.875,659.7162475585938,8527964,HDFCBANK.NS
2022-07-27T00:00:00.000Z,694.4500122070312,703.0,692.125,702.2000122070312,664.7572631835938,9212778,HDFCBANK.NS
2022-07-28T00:00:00.000Z,707.5250244140625,712.0,705.5,708.4249877929688,670.6503295898438,17420406,HDFCBANK.NS
2022-07-29T00:00:00.000Z,719.0,719.2999877929688,707.6500244140625,717.0999755859375,678.86279296875,20019736,HDFCBANK.NS
2022-08-01T00:00:00.000Z,719.5,724.2249755859375,715.0250244140625,723.0750122070312,684.5192260742188,13193036,HDFCBANK.NS
2022-08-02T00:00:00.000Z,721.0,722.2999877929688,711.5250244140625,715.125,676.9931030273438,15036510,HDFCBANK.NS
2022-08-03T00:00:00.000Z,712.4749755859375,717.875,708.5,716.7999877929688,678.5787963867188,10975498,HDFCBANK.NS
2022-08-04T00:00:00.000Z,720.0,723.3499755859375,706.4749755859375,715.9500122070312,677.7741088867188,12012206,HDFCBANK.NS
2022-08-05T00:00:00.000Z,716.5,718.4749755859375,710.5750122070312,713.5250244140625,675.4784545898438,9268982,HDFCBANK.NS
2022-08-08T00:00:00.000Z,714.0,732.25,713.5499877929688,731.0250244140625,692.0452880859375,15357736,HDFCBANK.NS
2022-08-10T00:00:00.000Z,730.6749877929688,735.75,724.5250244140625,733.1500244140625,694.0570068359375,17353102,HDFCBANK.NS
2022-08-11T00:00:00.000Z,743.25,745.5,737.2750244140625,742.8499755859375,703.2396850585938,18301766,HDFCBANK.NS
2022-08-12T00:00:00.000Z,742.5,744.6500244140625,737.9749755859375,742.5750122070312,702.9794311523438,8850370,HDFCBANK.NS
2022-08-16T00:00:00.000Z,747.4000244140625,754.25,744.0250244140625,751.0750122070312,711.0261840820312,12563756,HDFCBANK.NS
2022-08-17T00:00:00.000Z,750.0,756.375,742.875,754.9500122070312,714.6945190429688,12384350,HDFCBANK.NS
2022-08-18T00:00:00.000Z,750.0,756.9500122070312,749.8250122070312,755.8499755859375,715.5465087890625,8342138,HDFCBANK.NS
2022-08-19T00:00:00.000Z,755.0,756.0,745.0,746.5250244140625,706.7188720703125,8063702,HDFCBANK.NS
2022-08-22T00:00:00.000Z,742.4000244140625,744.1749877929688,733.8499755859375,735.1749877929688,695.9739379882812,8234066,HDFCBANK.NS
2022-08-23T00:00:00.000Z,726.6500244140625,737.9749755859375,725.2000122070312,732.9000244140625,693.8203735351562,14966884,HDFCBANK.NS
2022-08-24T00:00:00.000Z,730.9500122070312,737.75,729.5999755859375,736.4249877929688,697.1573486328125,13455520,HDFCBANK.NS
2022-08-25T00:00:00.000Z,739.9500122070312,743.4000244140625,728.5,732.4249877929688,693.3706665039062,11823040,HDFCBANK.NS
2022-08-26T00:00:00.000Z,736.0250244140625,740.9000244140625,730.5999755859375,732.5499877929688,693.4889526367188,7706176,HDFCBANK.NS
2022-08-29T00:00:00.000Z,718.5,723.0,714.2999877929688,719.7000122070312,681.3240966796875,8653178,HDFCBANK.NS
2022-08-30T00:00:00.000Z,723.2249755859375,744.9749755859375,721.5499877929688,743.0499877929688,703.4290771484375,10135400,HDFCBANK.NS
2022-09-01T00:00:00.000Z,732.375,744.7249755859375,729.5,736.0750122070312,696.8259887695312,22403136,HDFCBANK.NS
2022-09-02T00:00:00.000Z,736.0750122070312,745.25,732.5999755859375,742.75,703.1450805664062,12038086,HDFCBANK.NS
2022-09-05T00:00:00.000Z,743.0499877929688,749.5,742.0499877929688,747.5250244140625,707.6654663085938,12131932,HDFCBANK.NS
2022-09-06T00:00:00.000Z,749.4500122070312,753.3250122070312,743.2249755859375,744.6749877929688,704.9673461914062,12238696,HDFCBANK.NS
2022-09-07T00:00:00.000Z,735.6500244140625,745.0,735.6500244140625,741.1500244140625,701.63037109375,9776206,HDFCBANK.NS
2022-09-08T00:00:00.000Z,745.0499877929688,750.0,741.0750122070312,748.7999877929688,708.8724975585938,11164690,HDFCBANK.NS
2022-09-09T00:00:00.000Z,748.0999755859375,754.5,747.0250244140625,749.2999877929688,709.345703125,15128888,HDFCBANK.NS
2022-09-12T00:00:00.000Z,750.0,752.0,745.0,746.7750244140625,706.9554443359375,11080492,HDFCBANK.NS
2022-09-13T00:00:00.000Z,749.4500122070312,757.9500122070312,749.2750244140625,756.5499877929688,716.209228515625,13001966,HDFCBANK.NS
2022-09-14T00:00:00.000Z,747.0250244140625,769.4500122070312,746.1749877929688,764.3250122070312,723.5696411132812,20219760,HDFCBANK.NS
2022-09-15T00:00:00.000Z,765.0,770.4749755859375,756.0,760.3499755859375,719.8065795898438,13539372,HDFCBANK.NS
2022-09-16T00:00:00.000Z,751.5499877929688,757.3499755859375,741.5,746.375,706.5767822265625,20560046,HDFCBANK.NS
2022-09-19T00:00:00.000Z,744.5,757.0,740.0,751.2999877929688,711.2391357421875,12076038,HDFCBANK.NS
2022-09-20T00:00:00.000Z,757.0,762.0,754.9500122070312,760.3499755859375,719.8065795898438,10781668,HDFCBANK.NS
2022-09-21T00:00:00.000Z,754.0,760.75,752.5,759.1749877929688,718.6942749023438,9072304,HDFCBANK.NS
2022-09-22T00:00:00.000Z,751.0,755.0750122070312,741.375,743.0,703.3817749023438,12048144,HDFCBANK.NS
2022-09-23T00:00:00.000Z,736.1749877929688,737.5,718.5,723.0750122070312,684.5192260742188,15806252,HDFCBANK.NS
2022-09-26T00:00:00.000Z,712.6749877929688,718.2249755859375,709.0,713.3250122070312,675.2891235351562,8923486,HDFCBANK.NS
2022-09-27T00:00:00.000Z,716.2000122070312,720.0,703.5,706.9249877929688,669.2303466796875,12639700,HDFCBANK.NS
2022-09-28T00:00:00.000Z,703.0,705.2999877929688,692.9500122070312,694.7750244140625,657.7282104492188,11816132,HDFCBANK.NS
2022-09-29T00:00:00.000Z,698.1500244140625,701.0999755859375,689.4000244140625,691.1749877929688,654.3201293945312,14410388,HDFCBANK.NS
2022-09-30T00:00:00.000Z,689.4000244140625,715.7249755859375,682.5,710.6749877929688,672.7803344726562,15781756,HDFCBANK.NS
2022-10-03T00:00:00.000Z,704.9749755859375,708.9249877929688,700.5499877929688,706.5999755859375,668.922607421875,11541112,HDFCBANK.NS
2022-10-04T00:00:00.000Z,714.75,729.0,713.0750122070312,726.5,687.7615966796875,11538526,HDFCBANK.NS
2022-10-06T00:00:00.000Z,729.9749755859375,731.2999877929688,717.0999755859375,718.5,680.1881713867188,12549198,HDFCBANK.NS
2022-10-07T00:00:00.000Z,715.125,717.4749755859375,710.1749877929688,715.4000244140625,677.25341796875,13297994,HDFCBANK.NS
2022-10-10T00:00:00.000Z,704.0,713.0,699.0999755859375,707.5,669.774658203125,13109302,HDFCBANK.NS
2022-10-11T00:00:00.000Z,700.5499877929688,708.5,699.7249755859375,700.3250122070312,662.9822998046875,14521620,HDFCBANK.NS
2022-10-12T00:00:00.000Z,701.5999755859375,707.4249877929688,698.6500244140625,704.9000244140625,667.3132934570312,9225050,HDFCBANK.NS
2022-10-13T00:00:00.000Z,701.0250244140625,703.125,692.0,696.7999877929688,659.645263671875,14714234,HDFCBANK.NS
2022-10-14T00:00:00.000Z,708.5,723.5,707.625,719.5,681.1348266601562,12849920,HDFCBANK.NS
2022-10-17T00:00:00.000Z,717.5,728.7999877929688,713.5,723.2750244140625,684.7085571289062,18410500,HDFCBANK.NS
2022-10-18T00:00:00.000Z,729.0250244140625,731.4500122070312,720.0,721.9249877929688,683.4304809570312,10561108,HDFCBANK.NS
2022-10-19T00:00:00.000Z,732.0,738.7000122070312,726.7000122070312,729.3250122070312,690.4359130859375,12967040,HDFCBANK.NS
2022-10-20T00:00:00.000Z,722.0,726.4500122070312,721.25,724.4000244140625,685.7736206054688,7898078,HDFCBANK.NS
2022-10-21T00:00:00.000Z,726.0,728.8250122070312,717.0,719.2999877929688,680.9454345703125,10492606,HDFCBANK.NS
2022-10-24T00:00:00.000Z,727.1500244140625,731.5,727.1500244140625,730.5250244140625,691.5719604492188,2167794,HDFCBANK.NS
2022-10-25T00:00:00.000Z,730.5499877929688,733.9000244140625,722.5,725.4500122070312,686.767578125,13773394,HDFCBANK.NS
2022-10-27T00:00:00.000Z,732.25,733.6749877929688,725.625,727.2000122070312,688.4241943359375,15937276,HDFCBANK.NS
2022-10-28T00:00:00.000Z,725.0,733.5,723.7000122070312,729.3499755859375,690.4595947265625,10474278,HDFCBANK.NS
2022-10-31T00:00:00.000Z,736.0,749.0,733.625,748.3499755859375,708.4464721679688,12830528,HDFCBANK.NS
2022-11-01T00:00:00.000Z,751.75,764.5,749.4500122070312,756.625,716.2802734375,19073756,HDFCBANK.NS
2022-11-02T00:00:00.000Z,758.5,764.125,755.7999877929688,757.0999755859375,716.7298583984375,12720406,HDFCBANK.NS
2022-11-03T00:00:00.000Z,748.8499755859375,760.125,748.5,753.7750244140625,713.582275390625,10332352,HDFCBANK.NS
2022-11-04T00:00:00.000Z,751.5999755859375,758.0499877929688,744.7999877929688,748.5750122070312,708.659423828125,10818060,HDFCBANK.NS
2022-11-07T00:00:00.000Z,755.0,756.0,746.0499877929688,754.4000244140625,714.1739501953125,9835834,HDFCBANK.NS
2022-11-09T00:00:00.000Z,757.5250244140625,758.9749755859375,752.0,754.1749877929688,713.9608764648438,9269790,HDFCBANK.NS
2022-11-10T00:00:00.000Z,748.5499877929688,763.5,747.5250244140625,762.375,721.7236328125,12774182,HDFCBANK.NS
2022-11-11T00:00:00.000Z,772.5,818.5,769.0,805.5750122070312,762.6201171875,56722338,HDFCBANK.NS
2022-11-14T00:00:00.000Z,806.0,814.0,799.0,807.5250244140625,764.4661865234375,19195390,HDFCBANK.NS
2022-11-15T00:00:00.000Z,811.5750122070312,811.5750122070312,802.625,809.5,766.3358764648438,11030202,HDFCBANK.NS
2022-11-16T00:00:00.000Z,809.3250122070312,821.0,806.0,816.4500122070312,772.915283203125,13578150,HDFCBANK.NS
2022-11-17T00:00:00.000Z,809.0499877929688,815.7750244140625,806.9500122070312,809.0750122070312,765.9334716796875,12100930,HDFCBANK.NS
2022-11-18T00:00:00.000Z,810.5,811.5,802.625,806.9500122070312,763.9218139648438,10459232,HDFCBANK.NS
2022-11-21T00:00:00.000Z,803.8250122070312,806.0,795.0999755859375,798.6749877929688,756.0880126953125,8344816,HDFCBANK.NS
2022-11-22T00:00:00.000Z,800.0,802.1749877929688,795.5,797.5,754.9757080078125,8546314,HDFCBANK.NS
2022-11-23T00:00:00.000Z,802.5,802.5,797.0,799.5750122070312,756.9400024414062,10185738,HDFCBANK.NS
2022-11-24T00:00:00.000Z,802.9749755859375,816.0,799.5750122070312,812.5750122070312,769.246826171875,17197960,HDFCBANK.NS
2022-11-25T00:00:00.000Z,814.8499755859375,815.8499755859375,807.0499877929688,808.8250122070312,765.69677734375,8410496,HDFCBANK.NS
2022-11-28T00:00:00.000Z,801.4500122070312,803.7249755859375,797.0250244140625,800.125,757.460693359375,16105980,HDFCBANK.NS
2022-11-29T00:00:00.000Z,798.625,806.1749877929688,796.4249877929688,798.9249877929688,756.3247680664062,12638236,HDFCBANK.NS
2022-11-30T00:00:00.000Z,798.5499877929688,806.4500122070312,798.5499877929688,804.2249755859375,761.342041015625,15184806,HDFCBANK.NS
2022-12-01T00:00:00.000Z,811.0,818.5,807.5,809.75,766.572509765625,20446366,HDFCBANK.NS
2022-12-02T00:00:00.000Z,805.0,809.2999877929688,802.5750122070312,803.5499877929688,760.703125,7811078,HDFCBANK.NS
2022-12-05T00:00:00.000Z,804.9749755859375,807.2999877929688,798.0999755859375,806.4749755859375,763.4721069335938,11592622,HDFCBANK.NS
2022-12-06T00:00:00.000Z,800.5,806.8499755859375,800.0,805.5750122070312,762.6201171875,12353092,HDFCBANK.NS
2022-12-07T00:00:00.000Z,807.0750122070312,809.2999877929688,802.2249755859375,805.2249755859375,762.2887573242188,11674720,HDFCBANK.NS
2022-12-08T00:00:00.000Z,805.0,813.0,802.5,809.75,766.572509765625,14803634,HDFCBANK.NS
2022-12-09T00:00:00.000Z,813.0,817.4249877929688,810.0,815.5250244140625,772.03955078125,11963384,HDFCBANK.NS
2022-12-12T00:00:00.000Z,812.5,826.7999877929688,810.7000122070312,821.875,778.0509643554688,14434808,HDFCBANK.NS
2022-12-13T00:00:00.000Z,825.0,828.5,822.5,824.1500244140625,780.2047119140625,17031702,HDFCBANK.NS
2022-12-14T00:00:00.000Z,826.5,832.75,825.0,831.125,786.8076782226562,14227640,HDFCBANK.NS
2022-12-15T00:00:00.000Z,828.5250244140625,834.7000122070312,813.5250244140625,815.9000244140625,772.3946533203125,18182648,HDFCBANK.NS
2022-12-16T00:00:00.000Z,810.0250244140625,822.5499877929688,804.5,819.8250122070312,776.1102294921875,14647958,HDFCBANK.NS
2022-12-19T00:00:00.000Z,822.0,823.3250122070312,813.0999755859375,822.375,778.5242919921875,9604542,HDFCBANK.NS
2022-12-20T00:00:00.000Z,810.0999755859375,818.2000122070312,810.0999755859375,816.7000122070312,773.1519165039062,7174698,HDFCBANK.NS
2022-12-21T00:00:00.000Z,820.5,822.4000244140625,803.2750244140625,808.7999877929688,765.6731567382812,9269198,HDFCBANK.NS
2022-12-22T00:00:00.000Z,811.0999755859375,813.75,804.5,806.0250244140625,763.046142578125,9747096,HDFCBANK.NS
2022-12-23T00:00:00.000Z,793.5,802.0750122070312,792.7249755859375,798.8250122070312,756.2300415039062,10693152,HDFCBANK.NS
2022-12-26T00:00:00.000Z,799.75,819.5,795.0,814.7249755859375,771.2822265625,9907322,HDFCBANK.NS
2022-12-27T00:00:00.000Z,816.5,817.9749755859375,806.75,815.5499877929688,772.063232421875,7926772,HDFCBANK.NS
2022-12-28T00:00:00.000Z,811.5499877929688,816.5,811.5499877929688,814.9000244140625,771.4478149414062,8691870,HDFCBANK.NS
2022-12-29T00:00:00.000Z,810.0499877929688,821.75,805.5,820.6500244140625,776.8912963867188,11012896,HDFCBANK.NS
2022-12-30T00:00:00.000Z,822.5,822.5,810.0,814.0750122070312,770.6668701171875,7122640,HDFCBANK.NS
2023-01-02T00:00:00.000Z,813.5,819.875,809.2750244140625,814.3499755859375,770.9271850585938,4381378,HDFCBANK.NS
2023-01-03T00:00:00.000Z,811.0999755859375,821.5,811.0999755859375,819.6749877929688,775.9682006835938,8378030,HDFCBANK.NS
2023-01-04T00:00:00.000Z,817.5,822.875,803.5,805.0250244140625,762.0994873046875,10351600,HDFCBANK.NS
2023-01-05T00:00:00.000Z,807.5,809.0250244140625,794.7000122070312,799.8499755859375,757.2003173828125,10941436,HDFCBANK.NS
2023-01-06T00:00:00.000Z,801.0,804.5499877929688,789.0999755859375,797.2000122070312,754.6917114257812,9092462,HDFCBANK.NS
2023-01-09T00:00:00.000Z,798.0,805.7750244140625,795.0,798.75,756.1590576171875,10729340,HDFCBANK.NS
2023-01-10T00:00:00.000Z,800.0,800.0,782.5,784.1500244140625,742.3375244140625,16371766,HDFCBANK.NS
2023-01-11T00:00:00.000Z,783.9749755859375,799.0,780.0,795.4500122070312,753.0349731445312,15195798,HDFCBANK.NS
2023-01-12T00:00:00.000Z,793.9000244140625,801.9500122070312,792.0750122070312,799.7000122070312,757.058349609375,9250070,HDFCBANK.NS
2023-01-13T00:00:00.000Z,799.375,804.9500122070312,793.0,800.3250122070312,757.6500854492188,9244546,HDFCBANK.NS
2023-01-16T00:00:00.000Z,807.5,810.6500244140625,790.1500244140625,792.6500244140625,750.3843383789062,14748094,HDFCBANK.NS
2023-01-17T00:00:00.000Z,794.9000244140625,805.5,788.75,804.4500122070312,761.55517578125,10786354,HDFCBANK.NS
2023-01-18T00:00:00.000Z,802.5,820.7999877929688,799.8499755859375,818.6500244140625,774.9979858398438,19090642,HDFCBANK.NS
2023-01-19T00:00:00.000Z,818.5,825.0,816.5,822.0499877929688,778.2166137695312,11172162,HDFCBANK.NS
2023-01-20T00:00:00.000Z,822.0499877929688,834.5,821.7000122070312,830.4749755859375,786.1923828125,18843404,HDFCBANK.NS
2023-01-23T00:00:00.000Z,833.125,841.2999877929688,830.7000122070312,836.5499877929688,791.9435424804688,15444400,HDFCBANK.NS
2023-01-24T00:00:00.000Z,837.5250244140625,851.2000122070312,837.5,847.75,802.5462646484375,24983940,HDFCBANK.NS
2023-01-25T00:00:00.000Z,845.7000122070312,846.4749755859375,822.6500244140625,824.3250122070312,780.370361328125,14704142,HDFCBANK.NS
2023-01-27T00:00:00.000Z,816.0,818.5,794.9749755859375,807.9000244140625,764.8211669921875,35179948,HDFCBANK.NS
2023-01-30T00:00:00.000Z,797.5,812.6500244140625,791.0,807.0750122070312,764.0401611328125,18512822,HDFCBANK.NS
2023-01-31T00:00:00.000Z,809.8499755859375,811.3499755859375,797.5,801.75,758.9990234375,18596244,HDFCBANK.NS
2023-02-01T00:00:00.000Z,812.0,832.5,803.0,813.7750244140625,770.3828735351562,17302790,HDFCBANK.NS
2023-02-02T00:00:00.000Z,804.0499877929688,812.25,794.375,801.6749877929688,758.9280395507812,17497106,HDFCBANK.NS
2023-02-03T00:00:00.000Z,805.5,830.25,803.5,829.4000244140625,785.1748046875,14411100,HDFCBANK.NS
2023-02-06T00:00:00.000Z,830.0,834.7000122070312,823.0999755859375,825.875,781.8377075195312,11167672,HDFCBANK.NS
2023-02-07T00:00:00.000Z,829.7000122070312,832.4500122070312,816.2999877929688,827.0999755859375,782.997314453125,10264588,HDFCBANK.NS
2023-02-08T00:00:00.000Z,827.125,834.0999755859375,825.0,827.0,782.9026489257812,8444826,HDFCBANK.NS
2023-02-09T00:00:00.000Z,830.0,830.8250122070312,817.7750244140625,825.2750244140625,781.2696533203125,11777336,HDFCBANK.NS
2023-02-10T00:00:00.000Z,824.4000244140625,829.25,821.0999755859375,828.5499877929688,784.3700561523438,8172116,HDFCBANK.NS
2023-02-13T00:00:00.000Z,827.5,830.875,822.2750244140625,829.1749877929688,784.961669921875,5736944,HDFCBANK.NS
2023-02-14T00:00:00.000Z,832.5,838.75,828.9749755859375,836.8499755859375,792.2274169921875,10908592,HDFCBANK.NS
2023-02-15T00:00:00.000Z,839.0,839.0,828.375,835.1500244140625,790.6181030273438,11438712,HDFCBANK.NS
2023-02-16T00:00:00.000Z,836.5999755859375,840.9500122070312,830.5,832.125,787.7545166015625,8062500,HDFCBANK.NS
2023-02-17T00:00:00.000Z,830.5,834.0750122070312,821.4749755859375,827.9500122070312,783.8020629882812,8956270,HDFCBANK.NS
2023-02-20T00:00:00.000Z,830.0,834.7249755859375,817.4000244140625,820.1749877929688,776.4415893554688,8086706,HDFCBANK.NS
2023-02-21T00:00:00.000Z,820.0,831.1749877929688,817.0,823.25,779.3526611328125,12389296,HDFCBANK.NS
2023-02-22T00:00:00.000Z,819.5,820.9749755859375,804.5250244140625,807.0999755859375,764.0637817382812,10359102,HDFCBANK.NS
2023-02-23T00:00:00.000Z,806.5,809.4249877929688,796.0499877929688,801.625,758.8807373046875,27882010,HDFCBANK.NS
2023-02-24T00:00:00.000Z,808.9500122070312,808.9500122070312,792.5999755859375,794.4749755859375,752.1119995117188,17061740,HDFCBANK.NS
2023-02-27T00:00:00.000Z,792.9500122070312,799.5,788.6500244140625,796.4500122070312,753.9817504882812,14312972,HDFCBANK.NS
2023-02-28T00:00:00.000Z,796.0,802.6500244140625,794.3499755859375,799.7999877929688,757.1530151367188,18993992,HDFCBANK.NS
2023-03-01T00:00:00.000Z,806.0,806.5,797.875,799.0250244140625,756.4193725585938,14137256,HDFCBANK.NS
2023-03-02T00:00:00.000Z,797.0,802.9749755859375,791.0,792.2249755859375,749.98193359375,17391814,HDFCBANK.NS
2023-03-03T00:00:00.000Z,798.0,810.0,794.0,807.9500122070312,764.8684692382812,14986234,HDFCBANK.NS
2023-03-06T00:00:00.000Z,810.0,819.7249755859375,809.0250244140625,813.6500244140625,770.2646484375,27004710,HDFCBANK.NS
2023-03-08T00:00:00.000Z,810.0,819.75,810.0,815.2750244140625,771.802978515625,20099774,HDFCBANK.NS
2023-03-09T00:00:00.000Z,814.9749755859375,822.9749755859375,813.5,815.3499755859375,771.8739013671875,20700166,HDFCBANK.NS
2023-03-10T00:00:00.000Z,805.2249755859375,806.875,792.5,794.3250122070312,751.969970703125,27387000,HDFCBANK.NS
2023-03-13T00:00:00.000Z,793.9500122070312,801.9000244140625,782.4749755859375,784.2750244140625,742.4559326171875,26443550,HDFCBANK.NS
2023-03-14T00:00:00.000Z,785.125,791.7999877929688,779.6500244140625,782.1749877929688,740.4678344726562,33185612,HDFCBANK.NS
2023-03-15T00:00:00.000Z,789.0,791.4500122070312,768.2999877929688,770.9500122070312,729.8414306640625,37264754,HDFCBANK.NS
2023-03-16T00:00:00.000Z,769.5,779.5499877929688,766.0250244140625,775.9500122070312,734.5748901367188,21753342,HDFCBANK.NS
2023-03-17T00:00:00.000Z,778.75,789.5999755859375,770.0,786.3250122070312,744.396484375,22950876,HDFCBANK.NS
2023-03-20T00:00:00.000Z,783.9749755859375,784.0499877929688,772.7000122070312,780.875,739.2371826171875,26503114,HDFCBANK.NS
2023-03-21T00:00:00.000Z,785.9749755859375,791.25,778.0999755859375,789.7249755859375,747.615234375,33050494,HDFCBANK.NS
2023-03-22T00:00:00.000Z,792.0,793.0250244140625,782.6500244140625,787.9000244140625,745.8876342773438,14177324,HDFCBANK.NS
2023-03-23T00:00:00.000Z,783.875,795.1749877929688,779.2750244140625,781.5750122070312,739.8998413085938,28364178,HDFCBANK.NS
2023-03-24T00:00:00.000Z,780.0,786.9500122070312,777.4749755859375,780.3250122070312,738.7164916992188,31477748,HDFCBANK.NS
2023-03-27T00:00:00.000Z,781.0999755859375,789.7249755859375,779.4500122070312,783.7249755859375,741.9352416992188,31872006,HDFCBANK.NS
2023-03-28T00:00:00.000Z,782.8499755859375,791.4500122070312,782.0499877929688,790.0999755859375,747.97021484375,39276302,HDFCBANK.NS
2023-03-29T00:00:00.000Z,792.0,801.0,790.9500122070312,793.9000244140625,751.567626953125,39763612,HDFCBANK.NS
2023-03-31T00:00:00.000Z,797.7999877929688,806.4749755859375,796.2000122070312,804.7750244140625,761.86279296875,34711228,HDFCBANK.NS
2023-04-03T00:00:00.000Z,803.7750244140625,807.8499755859375,801.375,805.2750244140625,762.3361206054688,40025398,HDFCBANK.NS
2023-04-05T00:00:00.000Z,809.2999877929688,828.0,808.0,826.875,782.7843627929688,43365392,HDFCBANK.NS
2023-04-06T00:00:00.000Z,824.2750244140625,834.5999755859375,823.5499877929688,833.1749877929688,788.7484130859375,44637344,HDFCBANK.NS
2023-04-10T00:00:00.000Z,831.625,835.5,827.0,829.2249755859375,785.009033203125,31813286,HDFCBANK.NS
2023-04-11T00:00:00.000Z,829.5,834.7000122070312,825.5499877929688,831.6500244140625,787.3048095703125,42361542,HDFCBANK.NS
2023-04-12T00:00:00.000Z,834.0,844.0999755859375,833.9000244140625,842.4500122070312,797.5288696289062,26955504,HDFCBANK.NS
2023-04-13T00:00:00.000Z,844.1500244140625,848.5250244140625,839.0750122070312,846.2249755859375,801.1025390625,35330086,HDFCBANK.NS
2023-04-17T00:00:00.000Z,860.0,860.0,826.6500244140625,833.3250122070312,788.890380859375,32405148,HDFCBANK.NS
2023-04-18T00:00:00.000Z,835.0,838.625,828.2000122070312,829.7999877929688,785.5533447265625,29637226,HDFCBANK.NS
2023-04-19T00:00:00.000Z,832.5,835.1500244140625,828.5750122070312,832.8499755859375,788.4407958984375,24741168,HDFCBANK.NS
2023-04-20T00:00:00.000Z,835.8499755859375,838.7249755859375,833.2000122070312,835.9500122070312,791.37548828125,32922716,HDFCBANK.NS
2023-04-21T00:00:00.000Z,834.5,838.4749755859375,831.625,837.2999877929688,792.6534423828125,20128618,HDFCBANK.NS
2023-04-24T00:00:00.000Z,843.5,845.7249755859375,837.0499877929688,844.0750122070312,799.0671997070312,35675852,HDFCBANK.NS
2023-04-25T00:00:00.000Z,843.8499755859375,843.8499755859375,830.9500122070312,832.0750122070312,787.7071533203125,50353068,HDFCBANK.NS
2023-04-26T00:00:00.000Z,830.0,837.5,827.5,835.9000244140625,791.328125,27392750,HDFCBANK.NS
2023-04-27T00:00:00.000Z,835.25,842.625,832.9249877929688,840.5,795.6828002929688,47790392,HDFCBANK.NS
2023-04-28T00:00:00.000Z,842.3499755859375,845.5,835.0,843.7999877929688,798.8069458007812,27916272,HDFCBANK.NS
2023-05-02T00:00:00.000Z,844.3499755859375,849.5,841.0,843.625,798.6411743164062,32221184,HDFCBANK.NS
2023-05-03T00:00:00.000Z,842.4749755859375,848.0,839.8250122070312,846.5750122070312,801.4338989257812,29407270,HDFCBANK.NS
2023-05-04T00:00:00.000Z,843.5499877929688,867.2249755859375,843.5499877929688,863.9000244140625,817.8350830078125,56854638,HDFCBANK.NS
2023-05-05T00:00:00.000Z,819.5,830.4749755859375,811.0499877929688,812.8250122070312,769.4835815429688,62770416,HDFCBANK.NS
2023-05-08T00:00:00.000Z,817.5,825.1749877929688,815.0,822.2249755859375,778.38232421875,37244524,HDFCBANK.NS
2023-05-09T00:00:00.000Z,824.9500122070312,828.0,819.9749755859375,822.25,778.406005859375,43688938,HDFCBANK.NS
2023-05-10T00:00:00.000Z,822.25,827.3250122070312,816.5499877929688,826.0499877929688,782.0033569335938,46340550,HDFCBANK.NS
2023-05-11T00:00:00.000Z,832.5750122070312,844.0,824.625,826.5999755859375,782.5240478515625,35734618,HDFCBANK.NS
2023-05-12T00:00:00.000Z,823.5,836.4000244140625,822.125,833.9000244140625,789.434814453125,22478760,HDFCBANK.NS
2023-05-15T00:00:00.000Z,836.0,840.375,832.5499877929688,837.9000244140625,793.2215576171875,18512260,HDFCBANK.NS
2023-05-16T00:00:00.000Z,835.9000244140625,835.9000244140625,822.0,823.6500244140625,788.6732177734375,32722086,HDFCBANK.NS
2023-05-17T00:00:00.000Z,825.0,825.0,812.6749877929688,819.2249755859375,784.4360961914062,30466868,HDFCBANK.NS
2023-05-18T00:00:00.000Z,824.0,826.9749755859375,820.0,822.5,787.5720825195312,49646942,HDFCBANK.NS
2023-05-19T00:00:00.000Z,824.0,825.0,815.7750244140625,823.4500122070312,788.481689453125,30460332,HDFCBANK.NS
2023-05-22T00:00:00.000Z,822.5,826.4500122070312,816.3499755859375,820.5250244140625,785.680908203125,28334032,HDFCBANK.NS
2023-05-23T00:00:00.000Z,824.5,824.7999877929688,816.7249755859375,818.5999755859375,783.8375854492188,22470074,HDFCBANK.NS
2023-05-24T00:00:00.000Z,813.7750244140625,817.375,806.7999877929688,807.9000244140625,773.592041015625,33588112,HDFCBANK.NS
2023-05-25T00:00:00.000Z,807.8499755859375,810.0250244140625,798.6749877929688,804.7999877929688,770.6236572265625,29776930,HDFCBANK.NS
2023-05-26T00:00:00.000Z,809.5,809.5,801.125,807.9000244140625,773.592041015625,26635066,HDFCBANK.NS
2023-05-29T00:00:00.000Z,814.25,820.5,812.4249877929688,817.75,783.023681640625,21816292,HDFCBANK.NS
2023-05-30T00:00:00.000Z,816.7999877929688,821.3250122070312,814.2750244140625,818.375,783.6221923828125,37125928,HDFCBANK.NS
2023-05-31T00:00:00.000Z,814.9500122070312,817.4749755859375,802.3250122070312,805.4249877929688,771.22216796875,43334270,HDFCBANK.NS
2023-06-01T00:00:00.000Z,809.9500122070312,809.9500122070312,800.0,802.0,767.9425048828125,50366938,HDFCBANK.NS
2023-06-02T00:00:00.000Z,806.2249755859375,807.4000244140625,800.5,803.25,769.1395263671875,17859710,HDFCBANK.NS
2023-06-05T00:00:00.000Z,807.25,808.25,801.2249755859375,802.2000122070312,768.1341552734375,18697242,HDFCBANK.NS
2023-06-06T00:00:00.000Z,803.8250122070312,804.9249877929688,796.125,799.7000122070312,765.740234375,32182852,HDFCBANK.NS
2023-06-07T00:00:00.000Z,801.7249755859375,806.2750244140625,798.0,803.8499755859375,769.7139892578125,24949026,HDFCBANK.NS
2023-06-08T00:00:00.000Z,801.625,813.0,801.625,804.3499755859375,770.1928100585938,37395522,HDFCBANK.NS
2023-06-09T00:00:00.000Z,807.9500122070312,809.25,803.5,805.2999877929688,771.1024780273438,18212578,HDFCBANK.NS
2023-06-12T00:00:00.000Z,806.2750244140625,807.9000244140625,799.7249755859375,800.4000244140625,766.4105834960938,13408292,HDFCBANK.NS
2023-06-13T00:00:00.000Z,795.0499877929688,804.5,795.0499877929688,801.75,767.7032470703125,27926108,HDFCBANK.NS
2023-06-14T00:00:00.000Z,805.2249755859375,806.0,800.0999755859375,800.875,766.8652954101562,20113968,HDFCBANK.NS
2023-06-15T00:00:00.000Z,802.0,802.9749755859375,789.5,791.0250244140625,757.4336547851562,35377476,HDFCBANK.NS
2023-06-16T00:00:00.000Z,793.5750122070312,804.5999755859375,792.0,801.375,767.3441772460938,15779272,HDFCBANK.NS
2023-06-19T00:00:00.000Z,805.5,807.125,799.1749877929688,802.0750122070312,768.0143432617188,24829146,HDFCBANK.NS
2023-06-20T00:00:00.000Z,802.0750122070312,805.5,795.3250122070312,803.75,769.6182861328125,20005626,HDFCBANK.NS
2023-06-21T00:00:00.000Z,808.0,818.625,805.5,817.7999877929688,783.0716552734375,24308946,HDFCBANK.NS
2023-06-22T00:00:00.000Z,820.0,828.7750244140625,819.5250244140625,821.7999877929688,786.9017333984375,56596140,HDFCBANK.NS
2023-06-23T00:00:00.000Z,818.7750244140625,829.9500122070312,817.0250244140625,821.75,786.8538208007812,21339218,HDFCBANK.NS
2023-06-26T00:00:00.000Z,822.5,825.375,814.3499755859375,817.7750244140625,783.0476684570312,16130314,HDFCBANK.NS
2023-06-27T00:00:00.000Z,821.4749755859375,836.4500122070312,819.2750244140625,829.2999877929688,794.0833129882812,33831864,HDFCBANK.NS
2023-06-28T00:00:00.000Z,835.0,839.9500122070312,830.25,838.0750122070312,802.4856567382812,59562950,HDFCBANK.NS
2023-06-30T00:00:00.000Z,852.0,854.4000244140625,841.625,850.7000122070312,814.574462890625,40699016,HDFCBANK.NS
2023-07-03T00:00:00.000Z,856.25,878.75,855.0,859.9000244140625,823.3839111328125,44104116,HDFCBANK.NS
2023-07-04T00:00:00.000Z,861.7249755859375,873.5,856.9000244140625,864.0999755859375,827.4054565429688,38795188,HDFCBANK.NS
2023-07-05T00:00:00.000Z,858.125,860.0,834.2750244140625,836.6500244140625,801.1211547851562,37165754,HDFCBANK.NS
2023-07-06T00:00:00.000Z,836.5,843.9249877929688,830.2000122070312,837.5,801.9349975585938,52156544,HDFCBANK.NS
2023-07-07T00:00:00.000Z,832.5,837.5,828.1500244140625,830.2000122070312,794.9450073242188,19926336,HDFCBANK.NS
2023-07-10T00:00:00.000Z,830.5,838.375,824.8499755859375,828.2249755859375,793.0538940429688,38398442,HDFCBANK.NS
2023-07-11T00:00:00.000Z,831.5,838.0,822.75,824.2000122070312,789.1998291015625,50670426,HDFCBANK.NS
2023-07-12T00:00:00.000Z,827.6749877929688,833.1500244140625,813.5750122070312,816.4749755859375,781.8028564453125,70958358,HDFCBANK.NS
2023-07-13T00:00:00.000Z,828.3499755859375,828.7249755859375,819.0250244140625,820.5499877929688,785.704833984375,41913546,HDFCBANK.NS
2023-07-14T00:00:00.000Z,826.7999877929688,826.7999877929688,817.5,822.25,787.3326416015625,24727214,HDFCBANK.NS
2023-07-17T00:00:00.000Z,825.0,841.0,816.5,839.4500122070312,803.80224609375,49252928,HDFCBANK.NS
2023-07-18T00:00:00.000Z,849.0,852.0,835.0,838.75,803.1320190429688,81076818,HDFCBANK.NS
2023-07-19T00:00:00.000Z,840.5499877929688,844.375,837.5,842.5499877929688,806.7706298828125,32935134,HDFCBANK.NS
2023-07-20T00:00:00.000Z,840.5750122070312,846.0,840.0,844.375,808.5181274414062,56210948,HDFCBANK.NS
2023-07-21T00:00:00.000Z,840.0,844.9000244140625,836.625,837.875,802.2941284179688,42154248,HDFCBANK.NS
2023-07-24T00:00:00.000Z,839.25,842.3250122070312,835.0499877929688,839.2000122070312,803.5628662109375,32179444,HDFCBANK.NS
2023-07-25T00:00:00.000Z,842.3250122070312,849.5,839.2000122070312,848.2999877929688,812.2764282226562,55992596,HDFCBANK.NS
2023-07-26T00:00:00.000Z,849.7999877929688,849.7999877929688,844.0,845.3499755859375,809.45166015625,24794358,HDFCBANK.NS
2023-07-27T00:00:00.000Z,849.9500122070312,851.5,833.7249755859375,836.5750122070312,801.04931640625,59741302,HDFCBANK.NS
2023-07-28T00:00:00.000Z,830.75,834.4500122070312,820.5499877929688,821.75,786.8538208007812,41015684,HDFCBANK.NS
2023-07-31T00:00:00.000Z,825.0250244140625,828.4000244140625,819.3499755859375,825.5999755859375,790.5403442382812,34565006,HDFCBANK.NS
2023-08-01T00:00:00.000Z,827.2249755859375,833.7249755859375,825.0,831.125,795.8306884765625,35394188,HDFCBANK.NS
2023-08-02T00:00:00.000Z,821.0,825.75,816.5750122070312,820.25,785.4176025390625,28116322,HDFCBANK.NS
2023-08-03T00:00:00.000Z,820.0,825.6749877929688,811.5,814.3250122070312,779.7442016601562,57673946,HDFCBANK.NS
2023-08-04T00:00:00.000Z,817.5750122070312,828.25,814.625,826.0999755859375,791.0191040039062,37388304,HDFCBANK.NS
2023-08-07T00:00:00.000Z,831.5499877929688,831.5499877929688,823.7750244140625,825.625,790.5643310546875,28300918,HDFCBANK.NS
2023-08-08T00:00:00.000Z,825.8499755859375,827.7999877929688,821.0250244140625,824.9500122070312,789.91796875,43773828,HDFCBANK.NS
2023-08-09T00:00:00.000Z,826.5,827.25,815.5499877929688,825.25,790.2052612304688,33361236,HDFCBANK.NS
2023-08-10T00:00:00.000Z,823.5250244140625,827.125,815.5,817.9249877929688,783.1912841796875,50781118,HDFCBANK.NS
2023-08-11T00:00:00.000Z,819.2000122070312,819.2000122070312,808.0999755859375,809.4000244140625,775.0283203125,28225822,HDFCBANK.NS
2023-08-14T00:00:00.000Z,805.5,807.5,800.125,805.4500122070312,771.24609375,31304410,HDFCBANK.NS
2023-08-16T00:00:00.000Z,791.5499877929688,804.8250122070312,790.6500244140625,803.0999755859375,768.9957885742188,34137542,HDFCBANK.NS
2023-08-17T00:00:00.000Z,798.7999877929688,804.9500122070312,797.0,798.6500244140625,764.73486328125,52884040,HDFCBANK.NS
2023-08-18T00:00:00.000Z,793.7750244140625,798.1500244140625,792.75,795.375,761.5989379882812,25633366,HDFCBANK.NS
2023-08-21T00:00:00.000Z,800.25,800.25,793.5,794.75,761.0004272460938,21837270,HDFCBANK.NS
2023-08-22T00:00:00.000Z,798.1749877929688,799.0,790.0,791.3499755859375,757.7448120117188,32273570,HDFCBANK.NS
2023-08-23T00:00:00.000Z,790.0,795.2750244140625,786.625,793.2999877929688,759.6119995117188,36498588,HDFCBANK.NS
2023-08-24T00:00:00.000Z,796.6500244140625,798.0999755859375,788.0750122070312,789.6500244140625,756.1170654296875,43145792,HDFCBANK.NS
2023-08-25T00:00:00.000Z,787.2750244140625,788.75,779.2000122070312,780.75,747.594970703125,30069756,HDFCBANK.NS
2023-08-28T00:00:00.000Z,780.75,791.3250122070312,780.75,788.875,755.3749389648438,28867238,HDFCBANK.NS
2023-08-29T00:00:00.000Z,794.8499755859375,796.3250122070312,790.7249755859375,795.1500244140625,761.383544921875,35538932,HDFCBANK.NS
2023-08-30T00:00:00.000Z,801.9749755859375,801.9749755859375,786.8499755859375,789.3499755859375,755.8297119140625,28084204,HDFCBANK.NS
2023-08-31T00:00:00.000Z,789.5,791.5750122070312,781.5499877929688,785.7249755859375,752.3587036132812,100075772,HDFCBANK.NS
2023-09-01T00:00:00.000Z,785.5,789.5,779.6749877929688,787.3499755859375,753.9146728515625,43226776,HDFCBANK.NS
2023-09-04T00:00:00.000Z,795.0,795.7249755859375,787.4500122070312,792.2750244140625,758.630615234375,25073638,HDFCBANK.NS
2023-09-05T00:00:00.000Z,794.2000122070312,794.2000122070312,785.2999877929688,787.4500122070312,754.0104370117188,38712082,HDFCBANK.NS
2023-09-06T00:00:00.000Z,788.4000244140625,800.0,787.4500122070312,797.75,763.873046875,56320910,HDFCBANK.NS
2023-09-07T00:00:00.000Z,797.75,807.0,793.5750122070312,805.4249877929688,771.22216796875,34208342,HDFCBANK.NS
2023-09-08T00:00:00.000Z,804.1500244140625,816.4500122070312,803.7999877929688,811.7000122070312,777.2306518554688,34502210,HDFCBANK.NS
2023-09-11T00:00:00.000Z,814.4500122070312,818.25,812.0,815.9000244140625,781.2523193359375,31573022,HDFCBANK.NS
2023-09-12T00:00:00.000Z,820.0,821.4500122070312,812.5250244140625,818.4500122070312,783.6940307617188,39033340,HDFCBANK.NS
2023-09-13T00:00:00.000Z,815.6500244140625,825.7999877929688,814.2999877929688,821.9500122070312,787.04541015625,46420094,HDFCBANK.NS
2023-09-14T00:00:00.000Z,822.125,825.0,817.5499877929688,821.4500122070312,786.5665893554688,23538848,HDFCBANK.NS
2023-09-15T00:00:00.000Z,825.0,835.0,825.0,830.875,795.5914306640625,173411202,HDFCBANK.NS
2023-09-18T00:00:00.000Z,826.875,827.5,813.0499877929688,814.5250244140625,779.9356689453125,37056288,HDFCBANK.NS
2023-09-20T00:00:00.000Z,799.5,799.5,780.2000122070312,781.8499755859375,748.6482543945312,115474648,HDFCBANK.NS
2023-09-21T00:00:00.000Z,776.5,784.4749755859375,768.5250244140625,776.6749877929688,743.6929931640625,72841442,HDFCBANK.NS
2023-09-22T00:00:00.000Z,779.5,782.2000122070312,761.875,764.8250122070312,732.3462524414062,61704250,HDFCBANK.NS
2023-09-25T00:00:00.000Z,762.5,770.3499755859375,762.5,765.5,732.9925537109375,40208754,HDFCBANK.NS
2023-09-26T00:00:00.000Z,762.5,770.0,762.5,768.8250122070312,736.1763916015625,27575308,HDFCBANK.NS
2023-09-27T00:00:00.000Z,761.5,766.25,757.5,763.4249877929688,731.0056762695312,39338538,HDFCBANK.NS
2023-09-28T00:00:00.000Z,767.0,768.7999877929688,759.1749877929688,761.8499755859375,729.49755859375,55354188,HDFCBANK.NS
2023-09-29T00:00:00.000Z,761.8499755859375,767.7249755859375,761.1500244140625,763.1500244140625,730.742431640625,32053782,HDFCBANK.NS
2023-10-03T00:00:00.000Z,763.5,763.5,753.0,754.0250244140625,722.0048828125,38971694,HDFCBANK.NS
2023-10-04T00:00:00.000Z,747.5,767.5,744.625,764.7750244140625,732.2984008789062,54649430,HDFCBANK.NS
2023-10-05T00:00:00.000Z,767.5250244140625,775.7750244140625,766.2999877929688,767.875,735.2667846679688,48512674,HDFCBANK.NS
2023-10-06T00:00:00.000Z,772.0,772.5,764.9249877929688,767.0250244140625,734.452880859375,17759356,HDFCBANK.NS
2023-10-09T00:00:00.000Z,764.0,765.0,756.0,758.125,725.9307861328125,16454972,HDFCBANK.NS
2023-10-10T00:00:00.000Z,760.2750244140625,764.5,757.5999755859375,762.4249877929688,730.0481567382812,33266292,HDFCBANK.NS
2023-10-11T00:00:00.000Z,765.0499877929688,771.0750122070312,764.25,769.7999877929688,737.1099853515625,31333360,HDFCBANK.NS
2023-10-12T00:00:00.000Z,768.0499877929688,776.0,765.7999877929688,774.9249877929688,742.017333984375,22025336,HDFCBANK.NS
2023-10-13T00:00:00.000Z,770.0,774.4000244140625,764.9749755859375,767.875,735.2667846679688,39745300,HDFCBANK.NS
2023-10-16T00:00:00.000Z,765.75,767.2249755859375,760.25,764.7999877929688,732.3223266601562,17856084,HDFCBANK.NS
2023-10-17T00:00:00.000Z,777.875,777.875,767.5,770.5999755859375,737.8759765625,32902558,HDFCBANK.NS
2023-10-18T00:00:00.000Z,770.5999755859375,770.5999755859375,759.0499877929688,759.875,727.6065063476562,31216200,HDFCBANK.NS
2023-10-19T00:00:00.000Z,752.7000122070312,763.125,751.5999755859375,757.4749755859375,725.308349609375,30252364,HDFCBANK.NS
2023-10-20T00:00:00.000Z,752.5,763.5,752.5,761.4000244140625,729.0667114257812,21094010,HDFCBANK.NS
2023-10-23T00:00:00.000Z,761.75,764.375,750.0499877929688,753.0250244140625,721.04736328125,22376136,HDFCBANK.NS
2023-10-25T00:00:00.000Z,760.5,761.4000244140625,745.7249755859375,748.25,716.4751586914062,28311996,HDFCBANK.NS
2023-10-26T00:00:00.000Z,745.625,746.0,730.125,731.7000122070312,700.6278686523438,55561798,HDFCBANK.NS
2023-10-27T00:00:00.000Z,734.75,739.0,733.4500122070312,734.5750122070312,703.380859375,31940532,HDFCBANK.NS
2023-10-30T00:00:00.000Z,731.625,744.9749755859375,730.9500122070312,742.5499877929688,711.01708984375,23310982,HDFCBANK.NS
2023-10-31T00:00:00.000Z,752.0,752.0,737.0,738.25,706.8997192382812,32634824,HDFCBANK.NS
2023-11-01T00:00:00.000Z,731.125,738.7249755859375,731.125,737.25,705.9421997070312,33877466,HDFCBANK.NS
2023-11-02T00:00:00.000Z,742.5,745.25,733.5750122070312,738.375,707.0194702148438,45225154,HDFCBANK.NS
2023-11-03T00:00:00.000Z,744.0,745.7000122070312,740.8250122070312,741.875,710.370849609375,18095340,HDFCBANK.NS
2023-11-06T00:00:00.000Z,749.0,749.0,741.5,747.25,715.517578125,25593730,HDFCBANK.NS
2023-11-07T00:00:00.000Z,747.0,747.0,738.5999755859375,743.625,712.0464477539062,41952848,HDFCBANK.NS
2023-11-08T00:00:00.000Z,741.9749755859375,746.7249755859375,740.5,745.7750244140625,714.1051635742188,31399546,HDFCBANK.NS
2023-11-09T00:00:00.000Z,743.0,746.2999877929688,741.75,742.8250122070312,711.2805786132812,22116740,HDFCBANK.NS
2023-11-10T00:00:00.000Z,740.0499877929688,748.0,740.0250244140625,745.75,714.081298828125,14015186,HDFCBANK.NS
2023-11-13T00:00:00.000Z,746.0499877929688,747.9749755859375,742.9500122070312,744.4000244140625,712.7886352539062,20605914,HDFCBANK.NS
2023-11-15T00:00:00.000Z,752.0499877929688,755.4749755859375,750.2750244140625,752.2000122070312,720.2574462890625,41245460,HDFCBANK.NS
2023-11-16T00:00:00.000Z,754.8499755859375,759.5,751.875,754.1749877929688,722.1484375,29713838,HDFCBANK.NS
2023-11-17T00:00:00.000Z,745.0,753.75,744.5,752.5499877929688,720.5924682617188,23701874,HDFCBANK.NS
2023-11-20T00:00:00.000Z,756.5,756.5,750.7750244140625,752.5999755859375,720.6403198242188,19331452,HDFCBANK.NS
2023-11-21T00:00:00.000Z,759.5,761.0,756.0499877929688,758.9749755859375,726.74462890625,24959972,HDFCBANK.NS
2023-11-22T00:00:00.000Z,760.0,760.0,751.7750244140625,756.2750244140625,724.1593017578125,29123650,HDFCBANK.NS
2023-11-23T00:00:00.000Z,754.25,761.9249877929688,754.25,760.6500244140625,728.3485717773438,13046220,HDFCBANK.NS
2023-11-24T00:00:00.000Z,760.5999755859375,766.5750122070312,759.9249877929688,766.0499877929688,733.5192260742188,16469192,HDFCBANK.NS
2023-11-28T00:00:00.000Z,767.5999755859375,768.625,762.9000244140625,764.3250122070312,731.867431640625,28489338,HDFCBANK.NS
2023-11-29T00:00:00.000Z,766.9500122070312,781.5,766.5,779.5750122070312,746.4698486328125,34042488,HDFCBANK.NS
2023-11-30T00:00:00.000Z,784.5750122070312,786.2249755859375,771.0750122070312,779.4000244140625,746.3023681640625,69491440,HDFCBANK.NS
2023-12-01T00:00:00.000Z,778.9500122070312,782.875,776.0499877929688,777.7000122070312,744.6744995117188,22153536,HDFCBANK.NS
2023-12-04T00:00:00.000Z,794.0,806.0,786.8250122070312,804.7000122070312,770.5279541015625,50662456,HDFCBANK.NS
2023-12-05T00:00:00.000Z,818.25,819.5,808.25,811.8499755859375,777.3743286132812,52230820,HDFCBANK.NS
2023-12-06T00:00:00.000Z,819.2249755859375,819.2249755859375,808.3250122070312,813.9000244140625,779.3372192382812,38613060,HDFCBANK.NS
2023-12-07T00:00:00.000Z,812.5,817.0,808.0999755859375,815.2249755859375,780.60595703125,20450386,HDFCBANK.NS
2023-12-08T00:00:00.000Z,815.2249755859375,827.5,815.2249755859375,826.5999755859375,791.4979248046875,33728038,HDFCBANK.NS
2023-12-11T00:00:00.000Z,825.0250244140625,831.8499755859375,823.5,825.5,790.4446411132812,23187620,HDFCBANK.NS
2023-12-12T00:00:00.000Z,827.0999755859375,828.125,815.9249877929688,817.2999877929688,782.5928344726562,36581476,HDFCBANK.NS
2023-12-13T00:00:00.000Z,816.2249755859375,818.0,807.5499877929688,815.4500122070312,780.8214111328125,29346914,HDFCBANK.NS
2023-12-14T00:00:00.000Z,823.0,829.4749755859375,822.5,825.0750122070312,790.0376586914062,35172366,HDFCBANK.NS
2023-12-15T00:00:00.000Z,825.0,834.0,823.2999877929688,828.2750244140625,793.101806640625,138837130,HDFCBANK.NS
2023-12-18T00:00:00.000Z,830.3499755859375,832.3499755859375,825.4749755859375,827.8499755859375,792.69482421875,18014754,HDFCBANK.NS
2023-12-19T00:00:00.000Z,825.0,829.3250122070312,822.0250244140625,826.4500122070312,791.3543090820312,24008446,HDFCBANK.NS
2023-12-20T00:00:00.000Z,829.0,834.4749755859375,822.2249755859375,828.5,793.3171997070312,34232520,HDFCBANK.NS
2023-12-21T00:00:00.000Z,828.5,844.875,825.125,843.3499755859375,807.5365600585938,36589240,HDFCBANK.NS
2023-12-22T00:00:00.000Z,841.7999877929688,842.9500122070312,833.5499877929688,835.4249877929688,799.9481201171875,48578850,HDFCBANK.NS
2023-12-26T00:00:00.000Z,836.625,842.9749755859375,834.2750244140625,841.2249755859375,805.5018310546875,18045856,HDFCBANK.NS
2023-12-27T00:00:00.000Z,840.75,853.25,839.2999877929688,851.6500244140625,815.4841918945312,27009078,HDFCBANK.NS
2023-12-28T00:00:00.000Z,854.6500244140625,860.7000122070312,851.0,852.625,816.417724609375,44076470,HDFCBANK.NS
2023-12-29T00:00:00.000Z,848.5,857.4500122070312,848.0,854.625,818.3328247070312,25011426,HDFCBANK.NS
2024-01-01T00:00:00.000Z,853.0,854.5750122070312,846.0,849.0499877929688,812.9945068359375,14239686,HDFCBANK.NS
2024-01-02T00:00:00.000Z,849.4000244140625,851.4000244140625,844.3499755859375,849.5499877929688,813.4733276367188,29242092,HDFCBANK.NS
2024-01-03T00:00:00.000Z,851.0,852.3499755859375,834.4749755859375,836.4500122070312,800.9296264648438,28389762,HDFCBANK.NS
2024-01-04T00:00:00.000Z,839.0,847.4749755859375,835.3499755859375,845.4249877929688,809.5234985351562,26734056,HDFCBANK.NS
2024-01-05T00:00:00.000Z,843.5750122070312,852.4500122070312,834.0499877929688,841.0999755859375,805.3821411132812,31889470,HDFCBANK.NS
2024-01-08T00:00:00.000Z,839.25,841.1749877929688,830.0,831.7249755859375,796.4052124023438,17998470,HDFCBANK.NS
2024-01-09T00:00:00.000Z,833.5750122070312,838.9000244140625,823.375,825.25,790.2052612304688,25326888,HDFCBANK.NS
2024-01-10T00:00:00.000Z,821.5,829.9749755859375,820.7000122070312,827.9749755859375,792.814453125,16115824,HDFCBANK.NS
2024-01-11T00:00:00.000Z,830.0,831.4500122070312,821.5,824.5,789.4871215820312,18314010,HDFCBANK.NS
2024-01-12T00:00:00.000Z,826.0,828.0,816.7999877929688,820.5999755859375,785.752685546875,19773552,HDFCBANK.NS
2024-01-15T00:00:00.000Z,823.8499755859375,840.4500122070312,821.7999877929688,836.4000244140625,800.8817749023438,28320356,HDFCBANK.NS
2024-01-16T00:00:00.000Z,836.5,841.8250122070312,829.0499877929688,839.5750122070312,803.9219360351562,25322500,HDFCBANK.NS
2024-01-17T00:00:00.000Z,785.0,798.4000244140625,764.2000122070312,768.75,736.1045532226562,170145236,HDFCBANK.NS
2024-01-18T00:00:00.000Z,747.0,757.5,740.0250244140625,743.0750122070312,711.5198364257812,161070930,HDFCBANK.NS
2024-01-19T00:00:00.000Z,752.9749755859375,755.125,734.2000122070312,735.3250122070312,704.0989379882812,109600538,HDFCBANK.NS
2024-01-23T00:00:00.000Z,732.5,737.3499755859375,712.5,713.6749877929688,683.3683471679688,115469402,HDFCBANK.NS
2024-01-24T00:00:00.000Z,690.125,729.2249755859375,690.125,727.9500122070312,697.037109375,86004404,HDFCBANK.NS
2024-01-25T00:00:00.000Z,726.25,728.6749877929688,709.7000122070312,717.4500122070312,686.9830322265625,98941852,HDFCBANK.NS
2024-01-29T00:00:00.000Z,724.0250244140625,731.4000244140625,722.9000244140625,727.3250122070312,696.438720703125,65645498,HDFCBANK.NS
2024-01-30T00:00:00.000Z,727.2750244140625,731.5999755859375,720.4500122070312,722.1500244140625,691.4835205078125,41728768,HDFCBANK.NS
2024-01-31T00:00:00.000Z,719.75,737.4749755859375,718.4000244140625,731.2750244140625,700.2210083007812,65761040,HDFCBANK.NS
2024-02-01T00:00:00.000Z,732.5250244140625,736.7999877929688,728.0250244140625,733.1749877929688,702.0402221679688,32690740,HDFCBANK.NS
2024-02-02T00:00:00.000Z,737.5,740.4249877929688,721.0250244140625,723.0750122070312,692.3692626953125,44867754,HDFCBANK.NS
2019-02-01T00:00:00.000Z,519.9874877929688,529.25,519.1500244140625,522.6124877929688,482.8694152832031,15654188,HDFCBANK.NS
2019-02-04T00:00:00.000Z,523.75,528.25,520.6624755859375,526.2249755859375,486.2071838378906,7938288,HDFCBANK.NS
2019-02-05T00:00:00.000Z,527.0,529.75,524.25,528.5125122070312,488.32073974609375,8690288,HDFCBANK.NS
2019-02-06T00:00:00.000Z,529.0625,531.75,528.4000244140625,530.6624755859375,490.3071594238281,10875684,HDFCBANK.NS
2019-02-07T00:00:00.000Z,531.2625122070312,532.5,526.4625244140625,529.3125,489.0598449707031,7217308,HDFCBANK.NS
2019-02-08T00:00:00.000Z,528.0,536.2374877929688,526.6624755859375,530.6624755859375,490.3071594238281,12235644,HDFCBANK.NS
2019-02-11T00:00:00.000Z,528.3250122070312,535.7249755859375,528.3250122070312,534.9124755859375,494.2340393066406,7036364,HDFCBANK.NS
2019-02-12T00:00:00.000Z,534.5,537.0,531.2000122070312,532.4249877929688,491.93560791015625,9772388,HDFCBANK.NS
2019-02-14T00:00:00.000Z,535.0,535.0,526.4000244140625,527.5499877929688,487.4313659667969,7441388,HDFCBANK.NS
2019-02-15T00:00:00.000Z,526.8375244140625,527.0250244140625,519.5499877929688,525.1624755859375,485.2254333496094,8416524,HDFCBANK.NS
2019-02-18T00:00:00.000Z,526.7000122070312,529.5,521.5,522.4749755859375,482.7423095703125,7138744,HDFCBANK.NS
2019-02-19T00:00:00.000Z,522.4249877929688,527.0374755859375,519.5499877929688,521.0125122070312,481.3910827636719,5268636,HDFCBANK.NS
2019-02-20T00:00:00.000Z,522.125,527.75,520.4749755859375,527.0875244140625,487.0041198730469,4892500,HDFCBANK.NS
2019-02-21T00:00:00.000Z,525.4249877929688,529.9874877929688,523.4000244140625,528.9749755859375,488.74798583984375,5261544,HDFCBANK.NS
2019-02-22T00:00:00.000Z,529.8499755859375,532.0250244140625,522.2750244140625,522.8624877929688,483.1003112792969,8890708,HDFCBANK.NS
2019-02-25T00:00:00.000Z,523.7874755859375,532.4874877929688,523.7874755859375,531.3499755859375,490.9424133300781,8140596,HDFCBANK.NS
2019-02-26T00:00:00.000Z,527.8125,531.25,525.2750244140625,527.6624755859375,487.5353088378906,9607428,HDFCBANK.NS
2019-02-27T00:00:00.000Z,529.0250244140625,531.1124877929688,522.0374755859375,523.0625,483.2851867675781,7030092,HDFCBANK.NS
2019-02-28T00:00:00.000Z,523.2750244140625,526.4625244140625,518.2999877929688,519.3875122070312,479.8896484375,11645376,HDFCBANK.NS
2019-03-01T00:00:00.000Z,521.5625,525.2249755859375,519.25,520.8375244140625,481.2293395996094,9352928,HDFCBANK.NS
2019-03-05T00:00:00.000Z,522.2249755859375,527.7750244140625,517.5,526.7750244140625,486.7153625488281,11837276,HDFCBANK.NS
2019-03-06T00:00:00.000Z,527.5,527.5750122070312,522.6375122070312,526.0625,486.0570373535156,8458044,HDFCBANK.NS
2019-03-07T00:00:00.000Z,527.4000244140625,532.5,523.75,531.625,491.19647216796875,10204852,HDFCBANK.NS
2019-03-08T00:00:00.000Z,528.7625122070312,532.5,527.3624877929688,532.0499877929688,491.5892333984375,7053460,HDFCBANK.NS
2019-03-11T00:00:00.000Z,533.0,535.9249877929688,530.5499877929688,532.1124877929688,491.6468811035156,9224108,HDFCBANK.NS
2019-03-12T00:00:00.000Z,536.75,543.75,534.25,542.75,501.4754638671875,15097292,HDFCBANK.NS
2019-03-13T00:00:00.000Z,543.75,558.5,543.0250244140625,556.6375122070312,514.3068237304688,57166348,HDFCBANK.NS
2019-03-14T00:00:00.000Z,561.2125244140625,561.875,552.6500244140625,556.1875,513.89111328125,15379864,HDFCBANK.NS
2019-03-15T00:00:00.000Z,557.75,564.9749755859375,557.0125122070312,563.25,520.41650390625,12763088,HDFCBANK.NS
2019-03-18T00:00:00.000Z,565.4749755859375,572.9124755859375,561.75,565.3624877929688,522.3683471679688,14358720,HDFCBANK.NS
2019-03-19T00:00:00.000Z,567.375,568.9749755859375,562.75,566.9375,523.8236083984375,11957992,HDFCBANK.NS
2019-03-20T00:00:00.000Z,567.25,575.0,565.2625122070312,574.75,531.0419921875,11711992,HDFCBANK.NS
2019-03-22T00:00:00.000Z,575.0,576.75,567.7000122070312,569.0374755859375,525.7638549804688,30403880,HDFCBANK.NS
2019-03-25T00:00:00.000Z,565.0,571.9625244140625,563.25,570.3250122070312,526.9535522460938,9199260,HDFCBANK.NS
2019-03-26T00:00:00.000Z,568.9749755859375,578.75,568.1500244140625,577.8375244140625,533.8947143554688,11786848,HDFCBANK.NS
2019-03-27T00:00:00.000Z,579.6375122070312,582.0125122070312,569.7625122070312,574.8624877929688,531.1459350585938,13885300,HDFCBANK.NS
2019-03-28T00:00:00.000Z,574.7000122070312,581.25,571.9625244140625,575.7000122070312,531.9197387695312,19554328,HDFCBANK.NS
2019-04-01T00:00:00.000Z,581.3125,583.0,576.1500244140625,577.9500122070312,533.9986572265625,9647076,HDFCBANK.NS
2019-04-02T00:00:00.000Z,580.0,580.0,571.3624877929688,573.7125244140625,530.0834350585938,10910496,HDFCBANK.NS
2019-04-03T00:00:00.000Z,573.0250244140625,579.0,572.0625,573.1875,529.5983276367188,7659452,HDFCBANK.NS
2019-04-04T00:00:00.000Z,573.1875,578.25,570.0,570.9874877929688,527.5655517578125,9211552,HDFCBANK.NS
2019-04-05T00:00:00.000Z,571.9500122070312,578.4375,570.5,576.4000244140625,532.56640625,8351180,HDFCBANK.NS
2019-04-08T00:00:00.000Z,579.75,580.7374877929688,570.0250244140625,572.3499755859375,528.8245239257812,6398132,HDFCBANK.NS
2019-04-09T00:00:00.000Z,574.1500244140625,575.75,566.75,571.8125,528.327880859375,10777600,HDFCBANK.NS
2019-04-10T00:00:00.000Z,562.5,571.0,557.75,559.3375244140625,516.8016357421875,108128700,HDFCBANK.NS
2019-04-11T00:00:00.000Z,561.2249755859375,565.75,559.2374877929688,564.375,521.4559326171875,8793300,HDFCBANK.NS
2019-04-12T00:00:00.000Z,563.0250244140625,568.0499877929688,563.0250244140625,566.3125,523.24609375,9170444,HDFCBANK.NS
2019-04-15T00:00:00.000Z,567.5,573.2249755859375,566.0875244140625,572.2000122070312,528.6858520507812,10219780,HDFCBANK.NS
2019-04-16T00:00:00.000Z,572.7374877929688,577.4749755859375,570.0750122070312,576.2625122070312,532.439453125,8273776,HDFCBANK.NS
2019-04-18T00:00:00.000Z,578.25,578.7625122070312,572.0,573.4124755859375,529.80615234375,10614856,HDFCBANK.NS
2019-04-22T00:00:00.000Z,581.25,581.25,565.25,567.1749877929688,524.0430297851562,20980420,HDFCBANK.NS
2019-04-23T00:00:00.000Z,569.3875122070312,572.5,560.4000244140625,561.3250122070312,518.637939453125,15282400,HDFCBANK.NS
2019-04-24T00:00:00.000Z,562.5,570.9749755859375,561.7625122070312,569.9375,526.5955810546875,12354128,HDFCBANK.NS
2019-04-25T00:00:00.000Z,571.7249755859375,574.7000122070312,564.4874877929688,565.8624877929688,522.8303833007812,18086636,HDFCBANK.NS
2019-04-26T00:00:00.000Z,566.4749755859375,571.25,564.2249755859375,570.2374877929688,526.87255859375,11707568,HDFCBANK.NS
2019-04-30T00:00:00.000Z,571.25,580.0,569.5999755859375,579.3624877929688,535.3038330078125,12536836,HDFCBANK.NS
2019-05-02T00:00:00.000Z,580.875,589.9124755859375,579.375,588.9500122070312,544.162109375,17169300,HDFCBANK.NS
2019-05-03T00:00:00.000Z,591.0499877929688,594.5,589.125,591.9874877929688,546.9686889648438,12351520,HDFCBANK.NS
2019-05-06T00:00:00.000Z,587.0,587.9749755859375,579.2625122070312,582.1124877929688,537.8445434570312,13748092,HDFCBANK.NS
2019-05-07T00:00:00.000Z,587.9749755859375,589.5,579.5,580.5875244140625,536.4356079101562,9924204,HDFCBANK.NS
2019-05-08T00:00:00.000Z,580.6375122070312,580.9500122070312,572.0,576.8125,532.9475708007812,12064208,HDFCBANK.NS
2019-05-09T00:00:00.000Z,575.0,575.0,567.9000244140625,572.7249755859375,529.1710205078125,9027724,HDFCBANK.NS
2019-05-10T00:00:00.000Z,572.8375244140625,581.2249755859375,572.8375244140625,574.125,530.4645385742188,10594200,HDFCBANK.NS
2019-05-13T00:00:00.000Z,574.0125122070312,578.3375244140625,570.0,571.7999877929688,528.3162841796875,11071632,HDFCBANK.NS
2019-05-14T00:00:00.000Z,574.1749877929688,577.75,568.8875122070312,571.9749755859375,528.4779663085938,10494744,HDFCBANK.NS
2019-05-15T00:00:00.000Z,574.0,576.7999877929688,570.5499877929688,571.6749877929688,528.2007446289062,8956348,HDFCBANK.NS
2019-05-16T00:00:00.000Z,570.1375122070312,579.75,570.0,577.6624755859375,533.7330322265625,8050136,HDFCBANK.NS
2019-05-17T00:00:00.000Z,578.25,592.3250122070312,577.9000244140625,590.5250244140625,545.6173706054688,14758780,HDFCBANK.NS
2019-05-20T00:00:00.000Z,602.0,609.6749877929688,595.0,608.0875244140625,561.8441772460938,17699632,HDFCBANK.NS
2019-05-21T00:00:00.000Z,609.5,612.3499755859375,599.8624877929688,600.9249877929688,555.2264404296875,10325176,HDFCBANK.NS
2019-05-22T00:00:00.000Z,602.9625244140625,606.5,598.5625,601.4375,555.699951171875,11386660,HDFCBANK.NS
2019-05-23T00:00:00.000Z,602.25,609.9749755859375,579.7750244140625,583.0250244140625,538.687744140625,33081996,HDFCBANK.NS
2019-05-24T00:00:00.000Z,589.9249877929688,596.5374755859375,585.0374755859375,593.3375244140625,548.216064453125,13692800,HDFCBANK.NS
2019-05-27T00:00:00.000Z,594.7249755859375,605.4749755859375,593.0625,602.0875244140625,556.3004760742188,12049024,HDFCBANK.NS
2019-05-28T00:00:00.000Z,604.125,605.0,596.7625122070312,604.0499877929688,558.1138305664062,7364840,HDFCBANK.NS
2019-05-29T00:00:00.000Z,602.5499877929688,607.7000122070312,602.5499877929688,604.2249755859375,558.2754516601562,7475216,HDFCBANK.NS
2019-05-30T00:00:00.000Z,604.0,611.9749755859375,603.2625122070312,609.8875122070312,563.5073852539062,9359200,HDFCBANK.NS
2019-05-31T00:00:00.000Z,614.2000122070312,616.25,589.2000122070312,606.3375244140625,560.227294921875,19785080,HDFCBANK.NS
2019-06-03T00:00:00.000Z,606.75,614.9500122070312,606.2374877929688,614.2750244140625,567.5612182617188,8480860,HDFCBANK.NS
2019-06-04T00:00:00.000Z,613.75,616.4375,610.2625122070312,613.0750122070312,566.4525146484375,6442988,HDFCBANK.NS
2019-06-06T00:00:00.000Z,613.2999877929688,617.5,603.3375244140625,605.8375244140625,559.7653198242188,15634924,HDFCBANK.NS
2019-06-07T00:00:00.000Z,606.4124755859375,613.5625,602.25,611.9124755859375,565.3783569335938,7970932,HDFCBANK.NS
2019-06-10T00:00:00.000Z,617.4874877929688,617.4874877929688,608.0250244140625,610.0499877929688,563.657470703125,7077140,HDFCBANK.NS
2019-06-11T00:00:00.000Z,612.875,614.9749755859375,610.0875244140625,612.0999755859375,565.551513671875,7103292,HDFCBANK.NS
2019-06-12T00:00:00.000Z,611.25,612.0999755859375,605.9124755859375,606.7625122070312,560.6199951171875,7308620,HDFCBANK.NS
2019-06-13T00:00:00.000Z,608.9874877929688,613.0,603.9874877929688,611.1749877929688,564.6969604492188,11107948,HDFCBANK.NS
2019-06-14T00:00:00.000Z,610.7374877929688,614.7374877929688,606.25,608.7750244140625,562.4794921875,11956920,HDFCBANK.NS
2019-06-17T00:00:00.000Z,608.75,609.9749755859375,604.3250122070312,605.5,559.4535522460938,12810020,HDFCBANK.NS
2019-06-18T00:00:00.000Z,604.5,608.0,601.0,604.3125,558.3562622070312,12419652,HDFCBANK.NS
2019-06-19T00:00:00.000Z,606.75,611.2249755859375,604.1749877929688,607.0875244140625,560.9203491210938,10744276,HDFCBANK.NS
2019-06-20T00:00:00.000Z,607.0875244140625,609.25,603.6500244140625,606.5875244140625,563.9417114257812,11171492,HDFCBANK.NS
2019-06-21T00:00:00.000Z,606.5,607.4249877929688,601.4124755859375,603.5499877929688,561.1178588867188,13250260,HDFCBANK.NS
2019-06-24T00:00:00.000Z,602.9874877929688,607.6500244140625,602.5,604.4874877929688,561.989501953125,6915000,HDFCBANK.NS
2019-06-25T00:00:00.000Z,604.9625244140625,610.375,600.75,607.1749877929688,564.488037109375,8899800,HDFCBANK.NS
2019-06-26T00:00:00.000Z,606.1749877929688,617.5,605.5,616.9749755859375,573.5989990234375,10533636,HDFCBANK.NS
2019-06-27T00:00:00.000Z,617.1875,623.625,614.0374755859375,615.5750122070312,572.2974853515625,19879236,HDFCBANK.NS
2019-06-28T00:00:00.000Z,616.0,618.75,609.2625122070312,610.9375,567.9859619140625,12756844,HDFCBANK.NS
2019-07-01T00:00:00.000Z,614.0,622.25,612.5125122070312,621.3875122070312,577.7012939453125,8524160,HDFCBANK.NS
2019-07-02T00:00:00.000Z,622.0,624.375,616.7999877929688,623.75,579.8976440429688,7246828,HDFCBANK.NS
2019-07-03T00:00:00.000Z,624.75,625.8250122070312,620.75,622.4124755859375,578.6541748046875,7463256,HDFCBANK.NS
2019-07-04T00:00:00.000Z,623.7000122070312,624.4749755859375,618.0,620.9500122070312,577.2946166992188,7993964,HDFCBANK.NS
2019-07-05T00:00:00.000Z,621.2750244140625,623.7374877929688,615.0,618.0999755859375,574.6448364257812,7583060,HDFCBANK.NS
2019-07-08T00:00:00.000Z,618.6375122070312,618.6500244140625,599.2625122070312,602.4000244140625,560.0487670898438,14607140,HDFCBANK.NS
2019-07-09T00:00:00.000Z,600.9625244140625,602.7000122070312,593.25,594.7874755859375,552.9713745117188,16482688,HDFCBANK.NS
2019-07-10T00:00:00.000Z,594.6875,599.5,591.5625,597.1875,555.2026977539062,11569148,HDFCBANK.NS
2019-07-11T00:00:00.000Z,600.75,603.5,598.9124755859375,601.7874755859375,559.479248046875,9097596,HDFCBANK.NS
2019-07-12T00:00:00.000Z,604.5,604.5,596.2625122070312,598.4749755859375,556.3995971679688,8976272,HDFCBANK.NS
2019-07-15T00:00:00.000Z,599.0,600.75,594.3375244140625,598.6875,556.59716796875,8233184,HDFCBANK.NS
2019-07-16T00:00:00.000Z,604.5,604.5,595.5,597.7999877929688,555.7720947265625,12770568,HDFCBANK.NS
2019-07-17T00:00:00.000Z,598.2374877929688,602.9000244140625,597.8250122070312,599.3624877929688,557.2247924804688,7759736,HDFCBANK.NS
2019-07-18T00:00:00.000Z,600.75,607.25,600.4749755859375,602.9749755859375,560.583251953125,10802584,HDFCBANK.NS
2019-07-19T00:00:00.000Z,603.75,605.1749877929688,591.75,593.9124755859375,552.1578369140625,8939228,HDFCBANK.NS
2019-07-22T00:00:00.000Z,586.25,587.4625244140625,570.3125,574.3125,533.935791015625,22171296,HDFCBANK.NS
2019-07-23T00:00:00.000Z,573.625,573.625,560.5125122070312,565.875,526.0914916992188,27802864,HDFCBANK.NS
2019-07-24T00:00:00.000Z,564.1875,573.25,562.75,570.2249755859375,530.1356811523438,17363740,HDFCBANK.NS
2019-07-25T00:00:00.000Z,571.25,578.8624877929688,570.0625,571.5125122070312,531.3326416015625,19462008,HDFCBANK.NS
2019-07-26T00:00:00.000Z,569.5499877929688,573.4124755859375,568.2125244140625,569.3250122070312,529.299072265625,12829828,HDFCBANK.NS
2019-07-29T00:00:00.000Z,568.3875122070312,568.3875122070312,555.7625122070312,561.0750122070312,521.6290283203125,9976492,HDFCBANK.NS
2019-07-30T00:00:00.000Z,563.75,567.7999877929688,559.9749755859375,563.0625,523.476806640625,10394136,HDFCBANK.NS
2019-07-31T00:00:00.000Z,560.0,566.75,558.5625,562.9124755859375,523.3372802734375,13891840,HDFCBANK.NS
2019-08-01T00:00:00.000Z,557.2750244140625,560.0,549.25,555.4500122070312,517.5487060546875,18241676,HDFCBANK.NS
2019-08-02T00:00:00.000Z,552.75,556.0,545.5,553.5875244140625,515.8134155273438,27825536,HDFCBANK.NS
2019-08-05T00:00:00.000Z,549.2625122070312,550.0,540.625,544.8125,507.6371154785156,19822440,HDFCBANK.NS
2019-08-06T00:00:00.000Z,541.75,552.5625,541.75,547.2750244140625,509.9315490722656,24890940,HDFCBANK.NS
2019-08-07T00:00:00.000Z,547.5,550.5,541.25,546.0,508.7435607910156,18750136,HDFCBANK.NS
2019-08-08T00:00:00.000Z,549.5,560.75,545.75,558.2874755859375,520.192626953125,19711600,HDFCBANK.NS
2019-08-09T00:00:00.000Z,561.75,572.25,559.9500122070312,570.5,531.5718383789062,30436112,HDFCBANK.NS
2019-08-13T00:00:00.000Z,568.3250122070312,568.3250122070312,550.6500244140625,555.0875244140625,517.2109985351562,15440068,HDFCBANK.NS
2019-08-14T00:00:00.000Z,558.8499755859375,558.8499755859375,550.7625122070312,557.3624877929688,519.3306884765625,14254052,HDFCBANK.NS
2019-08-16T00:00:00.000Z,553.5,558.25,551.0250244140625,556.9249877929688,518.923095703125,15247560,HDFCBANK.NS
2019-08-19T00:00:00.000Z,559.625,560.5,550.4249877929688,551.7125244140625,514.0662231445312,8498200,HDFCBANK.NS
2019-08-20T00:00:00.000Z,552.3125,556.9500122070312,551.7125244140625,555.1500244140625,517.269287109375,10270592,HDFCBANK.NS
2019-08-21T00:00:00.000Z,556.2249755859375,560.2999877929688,553.5499877929688,556.4625244140625,518.4921875,10472712,HDFCBANK.NS
2019-08-22T00:00:00.000Z,555.2125244140625,555.2125244140625,541.7625122070312,543.5250244140625,506.4375305175781,13992044,HDFCBANK.NS
2019-08-23T00:00:00.000Z,540.25,544.25,534.9000244140625,540.6749877929688,503.7818908691406,20099616,HDFCBANK.NS
2019-08-26T00:00:00.000Z,548.7249755859375,566.5374755859375,541.75,564.0374755859375,525.5502319335938,25280244,HDFCBANK.NS
2019-08-27T00:00:00.000Z,564.0,568.2249755859375,560.0250244140625,564.9874877929688,526.4354248046875,20660832,HDFCBANK.NS
2019-08-28T00:00:00.000Z,562.5,564.3375244140625,556.5875244140625,561.875,523.5352783203125,13662588,HDFCBANK.NS
2019-08-29T00:00:00.000Z,561.5,563.4249877929688,555.0750122070312,556.7374877929688,518.7484130859375,14783716,HDFCBANK.NS
2019-08-30T00:00:00.000Z,558.375,565.0,555.5,556.9874877929688,518.9812622070312,19233320,HDFCBANK.NS
2019-09-03T00:00:00.000Z,555.0,555.25,549.0374755859375,552.7374877929688,515.021240234375,11428676,HDFCBANK.NS
2019-09-04T00:00:00.000Z,551.75,568.5,549.75,561.9375,523.5936279296875,15060704,HDFCBANK.NS
2019-09-05T00:00:00.000Z,562.25,568.0999755859375,556.25,558.7874755859375,520.6585083007812,17296252,HDFCBANK.NS
2019-09-06T00:00:00.000Z,557.0,564.1500244140625,555.3250122070312,561.4749755859375,523.1626586914062,12870004,HDFCBANK.NS
2019-09-09T00:00:00.000Z,561.5,565.2249755859375,554.0250244140625,562.4000244140625,524.0245361328125,10643404,HDFCBANK.NS
2019-09-11T00:00:00.000Z,568.5,568.5,560.2874755859375,562.8250122070312,524.4204711914062,15209116,HDFCBANK.NS
2019-09-12T00:00:00.000Z,562.6749877929688,572.2000122070312,562.0374755859375,567.7125244140625,528.9745483398438,18132300,HDFCBANK.NS
2019-09-13T00:00:00.000Z,562.75,566.8624877929688,559.5,564.3624877929688,525.8530883789062,15371340,HDFCBANK.NS
2019-09-16T00:00:00.000Z,562.9749755859375,565.6624755859375,560.25,561.0374755859375,522.7548828125,11030184,HDFCBANK.NS
2019-09-17T00:00:00.000Z,561.9749755859375,562.125,549.5250244140625,552.8375244140625,515.114501953125,10656556,HDFCBANK.NS
2019-09-18T00:00:00.000Z,554.3250122070312,556.0374755859375,545.0,546.9375,509.6170654296875,12959884,HDFCBANK.NS
2019-09-19T00:00:00.000Z,549.9500122070312,553.5250244140625,542.0,550.5250244140625,512.9598388671875,10623310,HDFCBANK.NS
2019-09-20T00:00:00.000Z,554.0,604.9500122070312,552.7000122070312,599.7999877929688,558.8724975585938,46150034,HDFCBANK.NS
2019-09-23T00:00:00.000Z,629.7750244140625,641.3499755859375,614.5,628.625,585.7306518554688,41920410,HDFCBANK.NS
2019-09-24T00:00:00.000Z,625.0,630.9749755859375,613.7750244140625,626.9000244140625,584.1233520507812,23379048,HDFCBANK.NS
2019-09-25T00:00:00.000Z,624.9500122070312,624.9500122070312,615.0499877929688,619.8499755859375,577.5543823242188,15608976,HDFCBANK.NS
2019-09-26T00:00:00.000Z,619.9000244140625,637.5,618.1749877929688,621.25,578.85888671875,30671560,HDFCBANK.NS
2019-09-27T00:00:00.000Z,624.125,626.75,618.7999877929688,622.0999755859375,579.6508178710938,14873170,HDFCBANK.NS
2019-09-30T00:00:00.000Z,614.4000244140625,620.0,608.25,613.7249755859375,571.8473510742188,18218458,HDFCBANK.NS
2019-10-01T00:00:00.000Z,615.75,627.5,610.5499877929688,624.4000244140625,581.7939453125,18768352,HDFCBANK.NS
2019-10-03T00:00:00.000Z,619.9749755859375,621.9000244140625,608.1749877929688,611.7750244140625,570.0303955078125,16298876,HDFCBANK.NS
2019-10-04T00:00:00.000Z,618.3250122070312,619.7999877929688,592.6500244140625,594.8499755859375,554.26025390625,18403632,HDFCBANK.NS
2019-10-07T00:00:00.000Z,600.5999755859375,609.9249877929688,590.5750122070312,593.4500122070312,552.9558715820312,22513220,HDFCBANK.NS
2019-10-09T00:00:00.000Z,598.5499877929688,614.9500122070312,595.0,614.0750122070312,572.1734619140625,17427270,HDFCBANK.NS
2019-10-10T00:00:00.000Z,610.9000244140625,612.9749755859375,598.5999755859375,600.2750244140625,559.3151245117188,11556858,HDFCBANK.NS
2019-10-11T00:00:00.000Z,606.7000122070312,612.0,594.4749755859375,599.4000244140625,558.4998168945312,17186318,HDFCBANK.NS
2019-10-14T00:00:00.000Z,604.5,609.9500122070312,598.7000122070312,602.2000122070312,561.1087036132812,12267802,HDFCBANK.NS
2019-10-15T00:00:00.000Z,603.5,612.5,603.4249877929688,611.5250244140625,569.7974853515625,8400374,HDFCBANK.NS
2019-10-16T00:00:00.000Z,615.8250122070312,617.5,605.0499877929688,610.5499877929688,568.888916015625,10586816,HDFCBANK.NS
2019-10-17T00:00:00.000Z,613.75,614.9249877929688,606.5499877929688,610.0,568.3765869140625,12243614,HDFCBANK.NS
2019-10-18T00:00:00.000Z,612.7249755859375,616.9249877929688,610.1749877929688,614.5,572.5693969726562,11233806,HDFCBANK.NS
2019-10-22T00:00:00.000Z,628.5,628.5,616.2999877929688,619.6500244140625,577.3679809570312,20006228,HDFCBANK.NS
2019-10-23T00:00:00.000Z,623.4249877929688,624.875,616.5,620.7999877929688,578.4395751953125,10190214,HDFCBANK.NS
2019-10-24T00:00:00.000Z,624.0,627.0750122070312,613.1749877929688,618.0499877929688,575.8771362304688,13107494,HDFCBANK.NS
2019-10-25T00:00:00.000Z,620.0,623.4249877929688,610.0,614.5,572.5693969726562,12993542,HDFCBANK.NS
2019-10-27T00:00:00.000Z,619.9749755859375,620.9500122070312,617.5,618.8499755859375,576.6226196289062,1750082,HDFCBANK.NS
2019-10-29T00:00:00.000Z,619.0,628.6749877929688,618.8499755859375,621.25,578.85888671875,14232568,HDFCBANK.NS
2019-10-30T00:00:00.000Z,623.4500122070312,631.3499755859375,621.5,624.1749877929688,581.5842895507812,12011366,HDFCBANK.NS
2019-10-31T00:00:00.000Z,628.8499755859375,631.9500122070312,613.5499877929688,615.1749877929688,573.1983032226562,13217706,HDFCBANK.NS
2019-11-01T00:00:00.000Z,619.5,621.875,613.7999877929688,620.0250244140625,577.7174072265625,11512260,HDFCBANK.NS
2019-11-04T00:00:00.000Z,623.2249755859375,625.0,614.5250244140625,618.4249877929688,576.2266845703125,9935176,HDFCBANK.NS
2019-11-05T00:00:00.000Z,620.5,622.4000244140625,614.5250244140625,619.75,577.461181640625,12367810,HDFCBANK.NS
2019-11-06T00:00:00.000Z,621.2249755859375,629.5,614.0250244140625,628.3250122070312,585.4511108398438,12130336,HDFCBANK.NS
2019-11-07T00:00:00.000Z,630.5,634.8499755859375,625.0,631.8499755859375,588.7355346679688,16963034,HDFCBANK.NS
2019-11-08T00:00:00.000Z,629.5,633.5,625.7249755859375,627.7999877929688,584.9619140625,13251496,HDFCBANK.NS
2019-11-11T00:00:00.000Z,626.2750244140625,634.25,625.25,632.375,589.2247314453125,14286610,HDFCBANK.NS
2019-11-13T00:00:00.000Z,630.9749755859375,635.0,626.7999877929688,628.7750244140625,585.870361328125,9293496,HDFCBANK.NS
2019-11-14T00:00:00.000Z,631.9000244140625,638.5,628.5999755859375,636.9500122070312,593.487548828125,11055218,HDFCBANK.NS
2019-11-15T00:00:00.000Z,641.9249877929688,642.5,635.5499877929688,638.9500122070312,595.35107421875,9279012,HDFCBANK.NS
2019-11-18T00:00:00.000Z,638.5,639.7249755859375,629.3499755859375,631.0250244140625,587.9668579101562,9130292,HDFCBANK.NS
2019-11-19T00:00:00.000Z,632.6500244140625,637.5,630.5499877929688,635.9500122070312,592.5557861328125,10570578,HDFCBANK.NS
2019-11-20T00:00:00.000Z,636.5,641.4749755859375,633.5,636.6749877929688,593.2313232421875,11054258,HDFCBANK.NS
2019-11-21T00:00:00.000Z,635.125,643.5,634.1749877929688,641.6749877929688,597.89013671875,12019526,HDFCBANK.NS
2019-11-22T00:00:00.000Z,641.8250122070312,641.8250122070312,631.0,632.375,589.2247314453125,7688010,HDFCBANK.NS
2019-11-25T00:00:00.000Z,632.0750122070312,639.75,632.0750122070312,635.5499877929688,592.1830444335938,7893556,HDFCBANK.NS
2019-11-26T00:00:00.000Z,639.2249755859375,639.875,633.4749755859375,637.5250244140625,594.0233764648438,8716002,HDFCBANK.NS
2019-11-27T00:00:00.000Z,638.0,642.875,635.5999755859375,639.2000122070312,595.583984375,9580666,HDFCBANK.NS
2019-11-28T00:00:00.000Z,640.0999755859375,641.5250244140625,631.0,632.6500244140625,589.4810180664062,12366040,HDFCBANK.NS
2019-11-29T00:00:00.000Z,633.8499755859375,639.9500122070312,626.0,637.4749755859375,593.9767456054688,15567626,HDFCBANK.NS
2019-12-02T00:00:00.000Z,636.9749755859375,636.9749755859375,629.2999877929688,632.875,589.690673828125,8946204,HDFCBANK.NS
2019-12-03T00:00:00.000Z,634.0999755859375,634.5,626.9000244140625,627.7000122070312,584.8687744140625,6991906,HDFCBANK.NS
2019-12-04T00:00:00.000Z,626.25,628.4500122070312,617.0999755859375,625.8250122070312,583.1217651367188,11395614,HDFCBANK.NS
2019-12-05T00:00:00.000Z,627.7999877929688,629.375,620.375,622.7999877929688,580.3031005859375,12772494,HDFCBANK.NS
2019-12-06T00:00:00.000Z,624.4749755859375,630.0,619.0999755859375,623.0250244140625,580.5127563476562,13774650,HDFCBANK.NS
2019-12-09T00:00:00.000Z,624.75,624.9249877929688,618.7750244140625,621.4749755859375,579.0684204101562,8265350,HDFCBANK.NS
2019-12-10T00:00:00.000Z,625.5,626.8250122070312,622.5499877929688,624.75,582.1200561523438,9788900,HDFCBANK.NS
2019-12-11T00:00:00.000Z,625.0499877929688,627.0,621.25,624.375,581.7706298828125,11054642,HDFCBANK.NS
2019-12-12T00:00:00.000Z,626.5,634.7249755859375,626.5,631.7999877929688,588.6890258789062,12913148,HDFCBANK.NS
2019-12-13T00:00:00.000Z,632.5,636.1749877929688,629.625,631.9249877929688,588.805419921875,11775186,HDFCBANK.NS
2019-12-16T00:00:00.000Z,634.625,635.0,624.0999755859375,628.6749877929688,585.7771606445312,11327576,HDFCBANK.NS
2019-12-17T00:00:00.000Z,630.0,637.4000244140625,627.6749877929688,635.5499877929688,592.1830444335938,12427354,HDFCBANK.NS
2019-12-18T00:00:00.000Z,641.5,649.5,636.8250122070312,646.1749877929688,602.0831909179688,17447172,HDFCBANK.NS
2019-12-19T00:00:00.000Z,652.5,652.75,643.0499877929688,644.4000244140625,600.4291381835938,13018376,HDFCBANK.NS
2019-12-20T00:00:00.000Z,644.375,649.7999877929688,640.0250244140625,648.3499755859375,604.1096801757812,15026044,HDFCBANK.NS
2019-12-23T00:00:00.000Z,649.5,652.0,644.4000244140625,651.2000122070312,606.7651977539062,10195782,HDFCBANK.NS
2019-12-24T00:00:00.000Z,649.2999877929688,650.5499877929688,643.4749755859375,644.5750122070312,600.5923461914062,7179208,HDFCBANK.NS
2019-12-26T00:00:00.000Z,644.8499755859375,645.9249877929688,632.3250122070312,635.2249755859375,591.8802490234375,14949758,HDFCBANK.NS
2019-12-27T00:00:00.000Z,636.0,639.5,635.0,637.5,594.0,7092992,HDFCBANK.NS
2019-12-30T00:00:00.000Z,641.0,644.375,637.0250244140625,641.0750122070312,597.3311157226562,9334190,HDFCBANK.NS
2019-12-31T00:00:00.000Z,640.9749755859375,640.9749755859375,634.3250122070312,636.0499877929688,592.64892578125,8357056,HDFCBANK.NS
2020-01-01T00:00:00.000Z,638.0499877929688,640.0,635.2999877929688,639.2999877929688,595.6771850585938,3673698,HDFCBANK.NS
2020-01-02T00:00:00.000Z,639.5,644.0,639.5,643.375,599.47412109375,6137166,HDFCBANK.NS
2020-01-03T00:00:00.000Z,641.0999755859375,642.5,631.7999877929688,634.2000122070312,590.9252319335938,10855550,HDFCBANK.NS
2020-01-06T00:00:00.000Z,630.0,630.9000244140625,618.0,620.4749755859375,578.13671875,10890186,HDFCBANK.NS
2020-01-07T00:00:00.000Z,629.4500122070312,635.7249755859375,626.125,630.2999877929688,587.2913208007812,14724494,HDFCBANK.NS
2020-01-08T00:00:00.000Z,623.4749755859375,631.0750122070312,620.0250244140625,628.6500244140625,585.7539672851562,11332110,HDFCBANK.NS
2020-01-09T00:00:00.000Z,632.5,637.9000244140625,631.5499877929688,635.7000122070312,592.3229370117188,9546316,HDFCBANK.NS
2020-01-10T00:00:00.000Z,642.0499877929688,643.4500122070312,637.5499877929688,641.3499755859375,597.5872802734375,9214580,HDFCBANK.NS
2020-01-13T00:00:00.000Z,641.3499755859375,648.25,638.0,643.0,599.1246948242188,7451568,HDFCBANK.NS
2020-01-14T00:00:00.000Z,644.5,646.2750244140625,638.75,644.75,600.7552490234375,7886290,HDFCBANK.NS
2020-01-15T00:00:00.000Z,643.2000122070312,643.9749755859375,637.0499877929688,642.125,598.3093872070312,11787448,HDFCBANK.NS
2020-01-16T00:00:00.000Z,641.0250244140625,645.5,639.6749877929688,643.8250122070312,599.8933715820312,7150400,HDFCBANK.NS
2020-01-17T00:00:00.000Z,640.875,642.4500122070312,635.9500122070312,639.0750122070312,595.4677124023438,16918814,HDFCBANK.NS
2020-01-20T00:00:00.000Z,652.4249877929688,652.4249877929688,626.25,627.4500122070312,584.6358032226562,22178450,HDFCBANK.NS
2020-01-21T00:00:00.000Z,625.0,625.0,619.2000122070312,622.1749877929688,579.720703125,14984804,HDFCBANK.NS
2020-01-22T00:00:00.000Z,624.0250244140625,627.5,617.2000122070312,620.4249877929688,578.0901489257812,18368310,HDFCBANK.NS
2020-01-23T00:00:00.000Z,620.0,623.4249877929688,615.5,622.4249877929688,579.9537353515625,11508920,HDFCBANK.NS
2020-01-24T00:00:00.000Z,623.0,627.0,619.5499877929688,622.2750244140625,579.8138427734375,11831756,HDFCBANK.NS
2020-01-27T00:00:00.000Z,617.5,617.5,605.875,606.5999755859375,565.20849609375,18888552,HDFCBANK.NS
2020-01-28T00:00:00.000Z,609.4000244140625,613.9000244140625,606.625,611.5999755859375,569.8673706054688,13412158,HDFCBANK.NS
2020-01-29T00:00:00.000Z,612.6500244140625,621.0,611.125,617.9249877929688,575.7606811523438,13788350,HDFCBANK.NS
2020-01-30T00:00:00.000Z,619.4749755859375,619.4749755859375,608.5999755859375,613.0250244140625,571.1951904296875,12111984,HDFCBANK.NS
2020-01-31T00:00:00.000Z,615.7249755859375,618.9000244140625,610.125,613.1500244140625,571.3115234375,11178268,HDFCBANK.NS
2020-02-03T00:00:00.000Z,598.5,598.9749755859375,588.8499755859375,596.4000244140625,555.7045288085938,13077010,HDFCBANK.NS
2020-02-04T00:00:00.000Z,599.0,617.0,599.0,614.9000244140625,572.9421997070312,20897704,HDFCBANK.NS
2020-02-05T00:00:00.000Z,617.4500122070312,624.0,613.6500244140625,622.3250122070312,579.8605346679688,18020682,HDFCBANK.NS
2020-02-06T00:00:00.000Z,622.3250122070312,624.3499755859375,618.5999755859375,619.9000244140625,577.6010131835938,11827550,HDFCBANK.NS
2020-02-07T00:00:00.000Z,623.0,623.5,615.7999877929688,621.0999755859375,578.7190551757812,6815448,HDFCBANK.NS
2020-02-10T00:00:00.000Z,621.4749755859375,621.4749755859375,613.0250244140625,620.1500244140625,577.8339233398438,9219834,HDFCBANK.NS
2020-02-11T00:00:00.000Z,621.6500244140625,627.5,619.0250244140625,620.2999877929688,577.9736938476562,11613520,HDFCBANK.NS
2020-02-12T00:00:00.000Z,622.5999755859375,626.4500122070312,622.0250244140625,624.5,581.8870239257812,6297930,HDFCBANK.NS
2020-02-13T00:00:00.000Z,629.9500122070312,629.9500122070312,616.7999877929688,620.7000122070312,578.3464965820312,9112140,HDFCBANK.NS
2020-02-14T00:00:00.000Z,621.5999755859375,624.2000122070312,607.5,609.6749877929688,568.0736083984375,14688858,HDFCBANK.NS
2020-02-17T00:00:00.000Z,612.5,616.5,607.2249755859375,608.5750122070312,567.0487060546875,10152690,HDFCBANK.NS
2020-02-18T00:00:00.000Z,608.4500122070312,609.25,601.75,606.625,565.2317504882812,10529116,HDFCBANK.NS
2020-02-19T00:00:00.000Z,611.25,615.0,606.9500122070312,613.5999755859375,571.7308349609375,10012268,HDFCBANK.NS
2020-02-20T00:00:00.000Z,615.0,615.0,607.0499877929688,608.5499877929688,567.0254516601562,11123414,HDFCBANK.NS
2020-02-24T00:00:00.000Z,604.4749755859375,607.375,600.0,604.9749755859375,563.6943969726562,16568084,HDFCBANK.NS
2020-02-25T00:00:00.000Z,602.0,604.5,599.0,600.1500244140625,559.1986694335938,13886680,HDFCBANK.NS
2020-02-26T00:00:00.000Z,598.75,602.3499755859375,592.8250122070312,599.625,558.70947265625,13814786,HDFCBANK.NS
2020-02-27T00:00:00.000Z,597.5,601.25,590.5,599.7249755859375,558.8026123046875,20655098,HDFCBANK.NS
2020-02-28T00:00:00.000Z,587.75,592.5,585.0499877929688,588.8250122070312,548.6464233398438,24313056,HDFCBANK.NS
2020-03-02T00:00:00.000Z,600.0999755859375,600.5750122070312,583.0750122070312,589.7999877929688,549.5548095703125,14664898,HDFCBANK.NS
2020-03-03T00:00:00.000Z,587.5,592.6749877929688,584.0,590.9000244140625,550.5798950195312,22369550,HDFCBANK.NS
2020-03-04T00:00:00.000Z,589.1749877929688,590.0,566.5499877929688,574.4249877929688,535.22900390625,34288870,HDFCBANK.NS
2020-03-05T00:00:00.000Z,576.5,582.5,571.375,575.6749877929688,536.3936157226562,19549708,HDFCBANK.NS
2020-03-06T00:00:00.000Z,562.5,570.4500122070312,550.5,567.4500122070312,528.72998046875,23053566,HDFCBANK.NS
2020-03-09T00:00:00.000Z,555.0,559.2000122070312,532.5,553.6500244140625,515.8716430664062,34420590,HDFCBANK.NS
2020-03-11T00:00:00.000Z,552.5,560.0,546.0,556.9000244140625,518.8997802734375,35538240,HDFCBANK.NS
2020-03-12T00:00:00.000Z,537.5,540.0,501.7250061035156,510.6499938964844,475.8056945800781,59000770,HDFCBANK.NS
2020-03-13T00:00:00.000Z,490.0249938964844,540.7249755859375,459.6000061035156,534.9000244140625,498.40093994140625,66342364,HDFCBANK.NS
2020-03-16T00:00:00.000Z,517.5,518.5,497.5,499.75,465.6494445800781,31986322,HDFCBANK.NS
2020-03-17T00:00:00.000Z,504.0,505.0,477.3500061035156,487.54998779296875,454.28192138671875,42676838,HDFCBANK.NS
2020-03-18T00:00:00.000Z,492.5,496.5,432.5,438.45001220703125,408.53228759765625,61181406,HDFCBANK.NS
2020-03-19T00:00:00.000Z,423.5,459.9750061035156,397.5,447.7749938964844,417.2209777832031,67220048,HDFCBANK.NS
2020-03-20T00:00:00.000Z,437.5,457.29998779296875,412.2749938964844,441.42498779296875,411.3042907714844,88637464,HDFCBANK.NS
2020-03-23T00:00:00.000Z,397.29998779296875,419.375,382.5,385.7749938964844,359.4515686035156,50276954,HDFCBANK.NS
2020-03-24T00:00:00.000Z,397.625,405.0,369.375,383.8500061035156,357.65789794921875,61057272,HDFCBANK.NS
2020-03-25T00:00:00.000Z,385.2250061035156,433.7250061035156,377.625,428.375,399.1447448730469,47228042,HDFCBANK.NS
2020-03-26T00:00:00.000Z,435.04998779296875,468.8500061035156,420.5,450.54998779296875,419.8066101074219,57043156,HDFCBANK.NS
2020-03-27T00:00:00.000Z,472.4750061035156,494.32501220703125,436.04998779296875,452.2250061035156,421.3673095703125,55235936,HDFCBANK.NS
2020-03-30T00:00:00.000Z,440.0,443.5,414.0,415.82501220703125,387.4511413574219,39268444,HDFCBANK.NS
2020-03-31T00:00:00.000Z,426.8999938964844,436.79998779296875,419.0,430.95001220703125,401.5440368652344,35211092,HDFCBANK.NS
2020-04-01T00:00:00.000Z,431.92498779296875,431.92498779296875,410.0,414.82501220703125,386.5193786621094,29103504,HDFCBANK.NS
2020-04-03T00:00:00.000Z,421.5,422.0,405.0,406.92498779296875,379.1583557128906,34996280,HDFCBANK.NS
2020-04-07T00:00:00.000Z,437.0,453.6499938964844,422.67498779296875,448.04998779296875,417.4772033691406,60412638,HDFCBANK.NS
2020-04-08T00:00:00.000Z,439.9750061035156,472.5,433.04998779296875,444.45001220703125,414.1228332519531,56219352,HDFCBANK.NS
2020-04-09T00:00:00.000Z,456.5,465.45001220703125,445.0,462.5249938964844,430.9644775390625,44457146,HDFCBANK.NS
2020-04-13T00:00:00.000Z,467.0,473.3500061035156,443.1000061035156,447.67498779296875,417.12774658203125,34158056,HDFCBANK.NS
2020-04-15T00:00:00.000Z,465.25,465.25,421.5,431.6499938964844,402.1962585449219,57978752,HDFCBANK.NS
2020-04-16T00:00:00.000Z,432.5,445.3500061035156,428.125,439.875,409.86004638671875,53854396,HDFCBANK.NS
2020-04-17T00:00:00.000Z,457.5,460.0,443.625,455.1499938964844,424.0927429199219,55883462,HDFCBANK.NS
2020-04-20T00:00:00.000Z,475.5,480.4750061035156,467.5,472.42498779296875,440.18896484375,66232986,HDFCBANK.NS
2020-04-21T00:00:00.000Z,462.5,467.0,454.0,460.82501220703125,429.3805236816406,33178006,HDFCBANK.NS
2020-04-22T00:00:00.000Z,459.57501220703125,466.5,453.6499938964844,464.29998779296875,432.6183166503906,38289354,HDFCBANK.NS
2020-04-23T00:00:00.000Z,467.5,479.25,456.2749938964844,477.4750061035156,444.8943786621094,40901222,HDFCBANK.NS
2020-04-24T00:00:00.000Z,466.5,479.20001220703125,463.0,469.0249938964844,437.0209655761719,33284568,HDFCBANK.NS
2020-04-27T00:00:00.000Z,472.57501220703125,478.70001220703125,463.1499938964844,464.8500061035156,433.130859375,27421072,HDFCBANK.NS
2020-04-28T00:00:00.000Z,471.8999938964844,471.8999938964844,461.0,465.70001220703125,433.9228820800781,29441436,HDFCBANK.NS
2020-04-29T00:00:00.000Z,467.5,496.3500061035156,467.04998779296875,488.54998779296875,455.2136535644531,55877778,HDFCBANK.NS
2020-04-30T00:00:00.000Z,500.70001220703125,509.5,496.04998779296875,500.8999938964844,466.720947265625,43793134,HDFCBANK.NS
2020-05-04T00:00:00.000Z,478.75,480.0,458.75,461.5,430.0094299316406,26722324,HDFCBANK.NS
2020-05-05T00:00:00.000Z,469.0,472.0,454.0249938964844,455.7250061035156,424.6285095214844,29672858,HDFCBANK.NS
2020-05-06T00:00:00.000Z,459.5,475.0,452.82501220703125,473.20001220703125,440.91107177734375,33785846,HDFCBANK.NS
2020-05-07T00:00:00.000Z,470.25,471.6499938964844,460.67498779296875,462.5,430.941162109375,21831730,HDFCBANK.NS
2020-05-08T00:00:00.000Z,471.0,471.9750061035156,462.6000061035156,464.5249938964844,432.8280029296875,20807484,HDFCBANK.NS
2020-05-11T00:00:00.000Z,468.5,477.0,457.0,457.8999938964844,426.6550598144531,28550784,HDFCBANK.NS
2020-05-12T00:00:00.000Z,450.5,454.70001220703125,435.54998779296875,450.7749938964844,420.0162353515625,49568418,HDFCBANK.NS
2020-05-13T00:00:00.000Z,475.5,480.0,461.04998779296875,463.82501220703125,432.1758117675781,44346966,HDFCBANK.NS
2020-05-14T00:00:00.000Z,449.0,455.5,445.0,446.8500061035156,416.35906982421875,39554890,HDFCBANK.NS
2020-05-15T00:00:00.000Z,445.25,446.20001220703125,437.5,444.07501220703125,413.7734375,24349628,HDFCBANK.NS
2020-05-18T00:00:00.000Z,444.0,444.0,415.6499938964844,418.32501220703125,389.7805480957031,46649964,HDFCBANK.NS
2020-05-19T00:00:00.000Z,430.42498779296875,433.6499938964844,413.04998779296875,415.32501220703125,386.9852294921875,47460692,HDFCBANK.NS
2020-05-20T00:00:00.000Z,418.2250061035156,432.0,416.1000061035156,428.54998779296875,399.3077697753906,40014306,HDFCBANK.NS
2020-05-21T00:00:00.000Z,430.7250061035156,442.0,426.1499938964844,429.7749938964844,400.44921875,48478908,HDFCBANK.NS
2020-05-22T00:00:00.000Z,425.0,435.1499938964844,416.5249938964844,419.42498779296875,390.805419921875,42047432,HDFCBANK.NS
2020-05-26T00:00:00.000Z,428.5,435.875,424.375,426.20001220703125,397.11810302734375,38005152,HDFCBANK.NS
2020-05-27T00:00:00.000Z,429.95001220703125,454.8999938964844,428.57501220703125,451.82501220703125,420.99462890625,56025754,HDFCBANK.NS
2020-05-28T00:00:00.000Z,460.0,475.0,456.9750061035156,472.625,440.37530517578125,75488806,HDFCBANK.NS
2020-05-29T00:00:00.000Z,472.0,477.5,461.7250061035156,475.82501220703125,443.3570251464844,53025166,HDFCBANK.NS
2020-06-01T00:00:00.000Z,487.5,497.5,483.04998779296875,493.82501220703125,460.12872314453125,39190230,HDFCBANK.NS
2020-06-02T00:00:00.000Z,493.3500061035156,502.5,487.6000061035156,500.5,466.3482360839844,41623594,HDFCBANK.NS
2020-06-03T00:00:00.000Z,510.0,523.125,507.7250061035156,511.125,476.2482604980469,50546088,HDFCBANK.NS
2020-06-04T00:00:00.000Z,514.0250244140625,519.4749755859375,495.54998779296875,500.8500061035156,466.67437744140625,54275882,HDFCBANK.NS
2020-06-05T00:00:00.000Z,501.54998779296875,521.2000122070312,501.3999938964844,516.6749877929688,481.4195556640625,35195984,HDFCBANK.NS
2020-06-08T00:00:00.000Z,530.0,533.3250122070312,503.20001220703125,507.95001220703125,473.2898864746094,49812664,HDFCBANK.NS
2020-06-09T00:00:00.000Z,510.0,513.375,489.7749938964844,493.6499938964844,459.9656677246094,61844146,HDFCBANK.NS
2020-06-10T00:00:00.000Z,495.0,499.92498779296875,489.1000061035156,495.92498779296875,462.08544921875,36497730,HDFCBANK.NS
2020-06-11T00:00:00.000Z,492.5,494.20001220703125,482.5,484.29998779296875,451.253662109375,30897714,HDFCBANK.NS
2020-06-12T00:00:00.000Z,464.0,493.32501220703125,464.0,491.375,457.845947265625,42644876,HDFCBANK.NS
2020-06-15T00:00:00.000Z,484.0,487.0,471.5,474.92498779296875,442.5184020996094,32009936,HDFCBANK.NS
2020-06-16T00:00:00.000Z,487.5,496.9750061035156,476.0,495.20001220703125,461.40997314453125,45399970,HDFCBANK.NS
2020-06-17T00:00:00.000Z,494.5,499.45001220703125,486.625,489.625,456.2153015136719,36957838,HDFCBANK.NS
2020-06-18T00:00:00.000Z,490.0,512.4500122070312,486.0,509.9750061035156,475.1767578125,40870126,HDFCBANK.NS
2020-06-19T00:00:00.000Z,508.9750061035156,521.5,506.07501220703125,516.6749877929688,481.4195556640625,47877752,HDFCBANK.NS
2020-06-22T00:00:00.000Z,519.7249755859375,522.9749755859375,511.8999938964844,514.375,479.2764892578125,29694474,HDFCBANK.NS
2020-06-23T00:00:00.000Z,519.5,522.5,508.2749938964844,521.1500244140625,485.5892028808594,28830512,HDFCBANK.NS
2020-06-24T00:00:00.000Z,524.25,528.75,515.0250244140625,516.25,481.0235595703125,39429246,HDFCBANK.NS
2020-06-25T00:00:00.000Z,510.95001220703125,524.5,503.5,514.375,479.2764892578125,70646790,HDFCBANK.NS
2020-06-26T00:00:00.000Z,520.5,531.5,514.0,528.2249755859375,492.1814270019531,39969138,HDFCBANK.NS
2020-06-29T00:00:00.000Z,518.5,541.2999877929688,518.5,538.0250244140625,501.3127746582031,46005956,HDFCBANK.NS
2020-06-30T00:00:00.000Z,537.0,539.2750244140625,528.1500244140625,532.9249877929688,496.5606994628906,35746130,HDFCBANK.NS
2020-07-01T00:00:00.000Z,532.9249877929688,548.0,530.6500244140625,542.2999877929688,505.2960205078125,34846718,HDFCBANK.NS
2020-07-02T00:00:00.000Z,545.1500244140625,555.625,542.5999755859375,544.7000122070312,507.5323486328125,36954496,HDFCBANK.NS
2020-07-03T00:00:00.000Z,546.5,547.9000244140625,535.0,536.9749755859375,500.3343811035156,27597254,HDFCBANK.NS
2020-07-06T00:00:00.000Z,553.9749755859375,559.9500122070312,550.0,551.5,513.8682861328125,35558216,HDFCBANK.NS
2020-07-07T00:00:00.000Z,554.7000122070312,555.8499755859375,546.5250244140625,552.5750122070312,514.8699951171875,24349850,HDFCBANK.NS
2020-07-08T00:00:00.000Z,553.5,562.4500122070312,552.5,555.1749877929688,517.29248046875,30056350,HDFCBANK.NS
2020-07-09T00:00:00.000Z,559.0,564.8499755859375,553.625,562.4749755859375,524.0943603515625,20114484,HDFCBANK.NS
2020-07-10T00:00:00.000Z,558.9500122070312,560.0,549.7750244140625,552.5499877929688,514.8465576171875,17562978,HDFCBANK.NS
2020-07-13T00:00:00.000Z,554.9500122070312,556.5,535.6500244140625,540.125,503.2694396972656,29922114,HDFCBANK.NS
2020-07-14T00:00:00.000Z,531.2999877929688,534.4500122070312,525.0,529.4249877929688,493.299560546875,26612674,HDFCBANK.NS
2020-07-15T00:00:00.000Z,535.0999755859375,539.5,525.0499877929688,526.5750122070312,490.64404296875,20974394,HDFCBANK.NS
2020-07-16T00:00:00.000Z,526.8250122070312,532.75,517.0499877929688,531.2750244140625,495.0233154296875,23662456,HDFCBANK.NS
2020-07-17T00:00:00.000Z,529.5250244140625,552.0,529.1500244140625,549.2249755859375,511.74847412109375,28405738,HDFCBANK.NS
2020-07-20T00:00:00.000Z,567.5,576.4500122070312,562.0750122070312,566.5250244140625,527.8680419921875,65124096,HDFCBANK.NS
2020-07-21T00:00:00.000Z,576.0250244140625,578.9749755859375,567.0,569.2750244140625,530.430419921875,47512422,HDFCBANK.NS
2020-07-22T00:00:00.000Z,569.25,572.25,558.7750244140625,563.1749877929688,524.74658203125,24718012,HDFCBANK.NS
2020-07-23T00:00:00.000Z,562.5,571.9500122070312,558.125,565.2000122070312,526.6334838867188,20149122,HDFCBANK.NS
2020-07-24T00:00:00.000Z,561.4500122070312,561.4500122070312,550.625,559.5499877929688,521.3689575195312,19598440,HDFCBANK.NS
2020-07-27T00:00:00.000Z,549.9249877929688,551.5,537.6749877929688,539.75,502.91998291015625,37970094,HDFCBANK.NS
2020-07-28T00:00:00.000Z,539.5,547.2000122070312,529.75,543.3250122070312,506.2511291503906,35596450,HDFCBANK.NS
2020-07-29T00:00:00.000Z,540.5,544.25,527.7750244140625,532.2999877929688,495.97833251953125,33592086,HDFCBANK.NS
2020-07-30T00:00:00.000Z,537.0,541.8250122070312,523.3499755859375,525.3250122070312,489.4793395996094,26956266,HDFCBANK.NS
2020-07-31T00:00:00.000Z,528.8499755859375,528.8499755859375,510.0249938964844,516.4000244140625,481.1633605957031,37726696,HDFCBANK.NS
2020-08-03T00:00:00.000Z,512.9749755859375,513.4749755859375,496.5,501.0,466.81414794921875,31783542,HDFCBANK.NS
2020-08-04T00:00:00.000Z,504.0,530.5250244140625,501.5,520.8250122070312,485.2864074707031,60306168,HDFCBANK.NS
2020-08-05T00:00:00.000Z,523.9749755859375,527.9000244140625,510.0,513.7750244140625,478.7174377441406,33221360,HDFCBANK.NS
2020-08-06T00:00:00.000Z,518.5,527.5,513.125,520.3499755859375,484.8437805175781,33646888,HDFCBANK.NS
2020-08-07T00:00:00.000Z,517.4249877929688,523.5999755859375,510.29998779296875,521.9249877929688,486.3113098144531,24836784,HDFCBANK.NS
2020-08-10T00:00:00.000Z,522.0,532.0,521.9000244140625,525.3250122070312,489.4793395996094,22172854,HDFCBANK.NS
2020-08-11T00:00:00.000Z,524.25,535.5,524.25,533.3250122070312,496.9334716796875,20136148,HDFCBANK.NS
2020-08-12T00:00:00.000Z,532.5,533.0,524.0,531.8499755859375,495.5590515136719,20666432,HDFCBANK.NS
2020-08-13T00:00:00.000Z,533.9749755859375,535.6749877929688,528.25,529.5250244140625,493.3927917480469,19892740,HDFCBANK.NS
2020-08-14T00:00:00.000Z,532.9500122070312,532.9500122070312,513.6500244140625,517.2249755859375,481.9320068359375,20924512,HDFCBANK.NS
2020-08-17T00:00:00.000Z,523.5,523.5,510.1000061035156,516.375,481.1400451660156,19561012,HDFCBANK.NS
2020-08-18T00:00:00.000Z,514.0,530.8250122070312,511.0,528.25,492.2047119140625,24040824,HDFCBANK.NS
2020-08-19T00:00:00.000Z,532.5,534.9000244140625,528.125,533.2999877929688,496.91009521484375,17715624,HDFCBANK.NS
2020-08-20T00:00:00.000Z,527.4749755859375,534.4749755859375,526.0,529.5,493.3694763183594,19216734,HDFCBANK.NS
2020-08-21T00:00:00.000Z,532.7000122070312,544.4000244140625,532.2999877929688,542.8250122070312,505.7852478027344,28924302,HDFCBANK.NS
2020-08-24T00:00:00.000Z,543.0,561.4749755859375,542.8250122070312,558.5250244140625,520.4140014648438,36779740,HDFCBANK.NS
2020-08-25T00:00:00.000Z,559.5,563.5,553.0999755859375,559.8499755859375,521.6483764648438,27601738,HDFCBANK.NS
2020-08-26T00:00:00.000Z,560.5,565.875,554.75,559.2249755859375,521.0662231445312,25190062,HDFCBANK.NS
2020-08-27T00:00:00.000Z,562.9000244140625,564.9500122070312,553.125,556.0499877929688,518.1077880859375,20645996,HDFCBANK.NS
2020-08-28T00:00:00.000Z,555.9749755859375,562.5,547.5,557.25,519.2258911132812,38696610,HDFCBANK.NS
2020-08-31T00:00:00.000Z,564.75,574.4000244140625,550.3499755859375,557.9249877929688,519.8547973632812,38501166,HDFCBANK.NS
2020-09-01T00:00:00.000Z,564.0,571.7999877929688,554.0,563.6500244140625,525.1893310546875,28877884,HDFCBANK.NS
2020-09-02T00:00:00.000Z,562.0499877929688,569.5,560.3499755859375,567.0750122070312,528.3804931640625,19761682,HDFCBANK.NS
2020-09-03T00:00:00.000Z,568.625,572.9749755859375,564.0,565.4500122070312,526.8663940429688,19833362,HDFCBANK.NS
2020-09-04T00:00:00.000Z,555.0,562.7000122070312,552.2000122070312,559.6500244140625,521.462158203125,23661370,HDFCBANK.NS
2020-09-07T00:00:00.000Z,558.1500244140625,559.75,549.5,555.25,517.3624877929688,17615466,HDFCBANK.NS
2020-09-08T00:00:00.000Z,557.0,559.4000244140625,551.5,556.2249755859375,518.2709350585938,14624918,HDFCBANK.NS
2020-09-09T00:00:00.000Z,550.5,555.0,545.625,548.25,510.84002685546875,15728872,HDFCBANK.NS
2020-09-10T00:00:00.000Z,551.5,552.4249877929688,542.0,545.2750244140625,508.06805419921875,15188088,HDFCBANK.NS
2020-09-11T00:00:00.000Z,548.2249755859375,552.4249877929688,535.5,539.3250122070312,502.5240478515625,20794730,HDFCBANK.NS
2020-09-14T00:00:00.000Z,544.0,547.0,526.1749877929688,528.9749755859375,492.8802490234375,21650590,HDFCBANK.NS
2020-09-15T00:00:00.000Z,534.0,538.0750122070312,529.0499877929688,535.25,498.72711181640625,16505110,HDFCBANK.NS
2020-09-16T00:00:00.000Z,535.0999755859375,548.0,534.1749877929688,546.8250122070312,509.51226806640625,18710112,HDFCBANK.NS
2020-09-17T00:00:00.000Z,542.0,547.0,539.0,541.7999877929688,504.8301696777344,18318686,HDFCBANK.NS
2020-09-18T00:00:00.000Z,546.0,546.0999755859375,523.5999755859375,528.6500244140625,492.5774230957031,23481778,HDFCBANK.NS
2020-09-21T00:00:00.000Z,527.5,535.6749877929688,520.75,524.6500244140625,488.85040283203125,19842878,HDFCBANK.NS
2020-09-22T00:00:00.000Z,527.0250244140625,529.0750122070312,514.75,517.7000122070312,482.3746032714844,18620678,HDFCBANK.NS
2020-09-23T00:00:00.000Z,523.0,527.5,517.1749877929688,523.625,487.8953552246094,16079828,HDFCBANK.NS
2020-09-24T00:00:00.000Z,519.0,523.5,512.5,515.2000122070312,480.04522705078125,19809510,HDFCBANK.NS
2020-09-25T00:00:00.000Z,525.0,525.9749755859375,512.8250122070312,522.0,486.3811340332031,20321544,HDFCBANK.NS
2020-09-28T00:00:00.000Z,524.4749755859375,529.5,521.3250122070312,527.0999755859375,491.1331481933594,16152422,HDFCBANK.NS
2020-09-29T00:00:00.000Z,529.0,534.9500122070312,525.5,531.2750244140625,495.0233154296875,12644446,HDFCBANK.NS
2020-09-30T00:00:00.000Z,530.0,543.4500122070312,526.0,539.2999877929688,502.5007019042969,18813842,HDFCBANK.NS
2020-10-01T00:00:00.000Z,545.0499877929688,555.0,545.0499877929688,553.4749755859375,515.70849609375,21203080,HDFCBANK.NS
2020-10-05T00:00:00.000Z,556.0,566.0,555.5,557.1749877929688,519.156005859375,16940126,HDFCBANK.NS
2020-10-06T00:00:00.000Z,567.5250244140625,574.0,563.0999755859375,572.0499877929688,533.0160522460938,19371990,HDFCBANK.NS
2020-10-07T00:00:00.000Z,572.4500122070312,582.4249877929688,568.7999877929688,581.125,541.4717407226562,21248778,HDFCBANK.NS
2020-10-08T00:00:00.000Z,590.0,601.5,581.6749877929688,595.9000244140625,555.2387084960938,35060674,HDFCBANK.NS
2020-10-09T00:00:00.000Z,600.5,618.5,595.8250122070312,616.7750244140625,574.6891479492188,44972388,HDFCBANK.NS
2020-10-12T00:00:00.000Z,615.7750244140625,621.375,602.7999877929688,606.8250122070312,565.418212890625,19220546,HDFCBANK.NS
2020-10-13T00:00:00.000Z,606.7000122070312,611.2249755859375,597.5,599.2249755859375,558.336669921875,18353952,HDFCBANK.NS
2020-10-14T00:00:00.000Z,597.7750244140625,607.1500244140625,587.75,605.75,564.4165649414062,22582918,HDFCBANK.NS
2020-10-15T00:00:00.000Z,607.0999755859375,608.5,582.0,584.625,544.7329711914062,28246896,HDFCBANK.NS
2020-10-16T00:00:00.000Z,590.0,601.75,586.5,599.6749877929688,558.7559814453125,25822848,HDFCBANK.NS
2020-10-19T00:00:00.000Z,617.5,617.5,596.2999877929688,601.7750244140625,560.7128295898438,42359556,HDFCBANK.NS
2020-10-20T00:00:00.000Z,603.75,613.7000122070312,602.9500122070312,611.9749755859375,570.2167358398438,27411978,HDFCBANK.NS
2020-10-21T00:00:00.000Z,615.2999877929688,625.5,610.8499755859375,623.3499755859375,580.8155517578125,35640752,HDFCBANK.NS
2020-10-22T00:00:00.000Z,619.9749755859375,625.0,611.5,616.6500244140625,574.57275390625,21913060,HDFCBANK.NS
2020-10-23T00:00:00.000Z,621.75,624.2249755859375,615.5999755859375,617.9000244140625,575.7374877929688,15866230,HDFCBANK.NS
2020-10-26T00:00:00.000Z,614.9000244140625,621.0,602.2999877929688,605.4500122070312,564.1370239257812,19571976,HDFCBANK.NS
2020-10-27T00:00:00.000Z,613.0,618.0,598.9249877929688,616.5499877929688,574.4794921875,24317780,HDFCBANK.NS
2020-10-28T00:00:00.000Z,614.0,616.0,600.75,604.7999877929688,563.53125,16571186,HDFCBANK.NS
2020-10-29T00:00:00.000Z,600.2999877929688,602.2249755859375,589.25,593.5999755859375,553.0955810546875,23060024,HDFCBANK.NS
2020-10-30T00:00:00.000Z,591.2750244140625,599.6500244140625,588.1749877929688,591.7750244140625,551.3950805664062,11522716,HDFCBANK.NS
2020-11-02T00:00:00.000Z,597.1749877929688,612.5,588.75,607.625,566.1636352539062,21926080,HDFCBANK.NS
2020-11-03T00:00:00.000Z,613.2249755859375,625.375,612.75,623.9749755859375,581.3978881835938,28164230,HDFCBANK.NS
2020-11-04T00:00:00.000Z,626.0,632.4000244140625,615.0,628.7000122070312,585.8005981445312,23404822,HDFCBANK.NS
2020-11-05T00:00:00.000Z,633.0,638.0,626.1749877929688,634.5999755859375,591.2979125976562,21433928,HDFCBANK.NS
2020-11-06T00:00:00.000Z,633.125,655.0,632.75,653.8250122070312,609.2111206054688,35705724,HDFCBANK.NS
2020-11-09T00:00:00.000Z,657.5999755859375,672.9749755859375,657.5999755859375,670.2750244140625,624.5386352539062,26288440,HDFCBANK.NS
2020-11-10T00:00:00.000Z,678.5,697.5,675.7750244140625,696.8250122070312,649.2769775390625,41517356,HDFCBANK.NS
2020-11-11T00:00:00.000Z,699.9500122070312,707.4000244140625,685.25,694.9749755859375,647.5532836914062,36116194,HDFCBANK.NS
2020-11-12T00:00:00.000Z,688.7000122070312,694.2750244140625,680.0,685.8499755859375,639.0509033203125,27053948,HDFCBANK.NS
2020-11-13T00:00:00.000Z,684.4000244140625,684.4000244140625,673.5,679.4000244140625,633.041015625,22472480,HDFCBANK.NS
2020-11-14T00:00:00.000Z,683.9000244140625,687.4749755859375,682.5999755859375,684.8499755859375,638.1190795898438,1835066,HDFCBANK.NS
2020-11-17T00:00:00.000Z,692.9000244140625,706.2999877929688,690.2999877929688,704.2249755859375,656.1719970703125,31059900,HDFCBANK.NS
2020-11-18T00:00:00.000Z,701.5,709.5,699.5250244140625,704.3499755859375,656.2884521484375,18862776,HDFCBANK.NS
2020-11-19T00:00:00.000Z,694.8499755859375,699.7249755859375,684.0,687.1749877929688,640.2854614257812,20266882,HDFCBANK.NS
2020-11-20T00:00:00.000Z,686.3250122070312,704.2000122070312,682.5250244140625,701.8250122070312,653.935791015625,20405362,HDFCBANK.NS
2020-11-23T00:00:00.000Z,707.5,711.8250122070312,687.6749877929688,697.2999877929688,649.7196044921875,25246636,HDFCBANK.NS
2020-11-24T00:00:00.000Z,704.0,722.5,701.0250244140625,719.0999755859375,670.031982421875,40154400,HDFCBANK.NS
2020-11-25T00:00:00.000Z,725.6500244140625,732.2000122070312,698.5,701.4000244140625,653.5398559570312,24152602,HDFCBANK.NS
2020-11-26T00:00:00.000Z,707.5,716.0,693.5,713.3250122070312,664.6510620117188,27943126,HDFCBANK.NS
2020-11-27T00:00:00.000Z,715.9000244140625,723.0,707.7750244140625,720.4249877929688,671.2666015625,17994580,HDFCBANK.NS
2020-12-01T00:00:00.000Z,720.4249877929688,724.5,712.75,716.6500244140625,667.7492065429688,17147574,HDFCBANK.NS
2020-12-02T00:00:00.000Z,715.5,715.9000244140625,697.4000244140625,703.4749755859375,655.47314453125,17892150,HDFCBANK.NS
2020-12-03T00:00:00.000Z,714.5,716.0,687.0250244140625,688.5999755859375,641.6132202148438,37933222,HDFCBANK.NS
2020-12-04T00:00:00.000Z,690.5,700.7249755859375,686.6500244140625,692.7999877929688,645.5267333984375,26912322,HDFCBANK.NS
2020-12-07T00:00:00.000Z,687.5,689.9749755859375,679.0499877929688,686.125,639.30712890625,24316318,HDFCBANK.NS
2020-12-08T00:00:00.000Z,687.5,694.4000244140625,682.5750122070312,688.1500244140625,641.1939086914062,19457896,HDFCBANK.NS
2020-12-09T00:00:00.000Z,688.5,705.0250244140625,687.5250244140625,703.5999755859375,655.589599609375,22069074,HDFCBANK.NS
2020-12-10T00:00:00.000Z,699.0,701.0,687.875,692.9249877929688,645.64306640625,19727966,HDFCBANK.NS
2020-12-11T00:00:00.000Z,695.0250244140625,697.5,686.5,691.4000244140625,644.2221069335938,21356384,HDFCBANK.NS
2020-12-14T00:00:00.000Z,691.5,694.0,684.0,686.0750122070312,639.2605590820312,17222050,HDFCBANK.NS
2020-12-15T00:00:00.000Z,690.4000244140625,697.4749755859375,683.0,695.6500244140625,648.18212890625,21561436,HDFCBANK.NS
2020-12-16T00:00:00.000Z,702.0,708.4000244140625,697.25,705.3499755859375,657.2202758789062,16832092,HDFCBANK.NS
2020-12-17T00:00:00.000Z,709.2999877929688,722.5,702.25,720.9000244140625,671.7092895507812,21924478,HDFCBANK.NS
2020-12-18T00:00:00.000Z,717.5,719.8499755859375,703.1500244140625,705.6749877929688,657.5230712890625,22995918,HDFCBANK.NS
2020-12-21T00:00:00.000Z,708.75,711.9249877929688,683.3499755859375,686.3250122070312,639.4934692382812,23761824,HDFCBANK.NS
2020-12-22T00:00:00.000Z,692.4000244140625,692.4000244140625,672.5,686.5499877929688,639.703125,22851558,HDFCBANK.NS
2020-12-23T00:00:00.000Z,683.75,690.4749755859375,680.5250244140625,687.8250122070312,640.8911743164062,15467394,HDFCBANK.NS
2020-12-24T00:00:00.000Z,694.7000122070312,702.0,688.5,698.5499877929688,650.8843383789062,14952188,HDFCBANK.NS
2020-12-28T00:00:00.000Z,702.5,710.5,702.0,706.4249877929688,658.221923828125,11699194,HDFCBANK.NS
2020-12-29T00:00:00.000Z,710.5250244140625,717.375,710.0,713.5999755859375,664.9072875976562,14495346,HDFCBANK.NS
2020-12-30T00:00:00.000Z,719.9500122070312,719.9500122070312,706.5,716.25,667.3765869140625,16216726,HDFCBANK.NS
2020-12-31T00:00:00.000Z,717.5,722.0,712.5250244140625,718.1500244140625,669.1469116210938,22145750,HDFCBANK.NS
2021-01-01T00:00:00.000Z,720.0,721.5,710.2999877929688,712.5250244140625,663.90576171875,8810938,HDFCBANK.NS
2021-01-04T00:00:00.000Z,719.0,719.0,699.5,708.0,659.689453125,15740192,HDFCBANK.NS
2021-01-05T00:00:00.000Z,709.5999755859375,715.375,704.5,713.3499755859375,664.6744384765625,14386824,HDFCBANK.NS
2021-01-06T00:00:00.000Z,717.5,720.0,706.5499877929688,710.2750244140625,661.8092041015625,22134050,HDFCBANK.NS
2021-01-07T00:00:00.000Z,716.25,716.2999877929688,706.2750244140625,708.125,659.8059692382812,19894842,HDFCBANK.NS
2021-01-08T00:00:00.000Z,716.0,721.0,711.5499877929688,715.8250122070312,666.9805908203125,13768764,HDFCBANK.NS
2021-01-11T00:00:00.000Z,725.0,732.4500122070312,718.1500244140625,725.7249755859375,676.2049560546875,17331392,HDFCBANK.NS
2021-01-12T00:00:00.000Z,726.2249755859375,743.8499755859375,724.5499877929688,740.5,689.9717407226562,20388156,HDFCBANK.NS
2021-01-13T00:00:00.000Z,746.4500122070312,748.4500122070312,731.0499877929688,735.3250122070312,685.14990234375,16934650,HDFCBANK.NS
2021-01-14T00:00:00.000Z,735.5750122070312,744.0,728.0,734.375,684.2647705078125,12297166,HDFCBANK.NS
2021-01-15T00:00:00.000Z,734.5499877929688,735.8250122070312,722.5,733.3250122070312,683.286376953125,14165236,HDFCBANK.NS
2021-01-18T00:00:00.000Z,734.9500122070312,751.4249877929688,733.5,741.5499877929688,690.9502563476562,42825632,HDFCBANK.NS
2021-01-19T00:00:00.000Z,745.9000244140625,755.8250122070312,733.5,751.9249877929688,700.6171875,17360254,HDFCBANK.NS
2021-01-20T00:00:00.000Z,750.5,750.5,743.0,746.0,695.096435546875,13346052,HDFCBANK.NS
2021-01-21T00:00:00.000Z,746.0,747.1749877929688,734.0750122070312,737.4000244140625,687.0833129882812,26333054,HDFCBANK.NS
2021-01-22T00:00:00.000Z,733.9500122070312,733.9500122070312,720.0750122070312,721.7750244140625,672.5244750976562,15392364,HDFCBANK.NS
2021-01-25T00:00:00.000Z,732.5499877929688,740.5,727.5750122070312,731.4249877929688,681.5160522460938,20344718,HDFCBANK.NS
2021-01-27T00:00:00.000Z,734.0,735.9500122070312,703.0750122070312,704.7999877929688,656.7078247070312,23556276,HDFCBANK.NS
2021-01-28T00:00:00.000Z,694.9500122070312,700.6500244140625,671.0,685.7249755859375,638.9343872070312,42704446,HDFCBANK.NS
2021-01-29T00:00:00.000Z,695.6749877929688,704.375,682.25,695.25,647.8094482421875,28704502,HDFCBANK.NS
2021-02-01T00:00:00.000Z,705.125,741.25,700.5,738.375,687.9918212890625,26370544,HDFCBANK.NS
2021-02-02T00:00:00.000Z,750.5,789.25,748.7000122070312,780.2750244140625,727.03271484375,42420206,HDFCBANK.NS
2021-02-03T00:00:00.000Z,789.5,790.8499755859375,771.0,787.4000244140625,733.671630859375,20237254,HDFCBANK.NS
2021-02-04T00:00:00.000Z,783.0,794.0,771.7249755859375,789.5499877929688,735.6748046875,24484684,HDFCBANK.NS
2021-02-05T00:00:00.000Z,774.0,809.125,774.0,798.7999877929688,744.293701171875,27054716,HDFCBANK.NS
2021-02-08T00:00:00.000Z,810.0,815.8250122070312,797.8499755859375,802.625,747.8577880859375,17447580,HDFCBANK.NS
2021-02-09T00:00:00.000Z,805.0,814.0,793.3499755859375,805.9249877929688,750.9325561523438,18421366,HDFCBANK.NS
2021-02-10T00:00:00.000Z,804.1749877929688,807.4249877929688,783.5,790.875,736.9094848632812,19788006,HDFCBANK.NS
2021-02-11T00:00:00.000Z,791.0,798.9000244140625,782.0999755859375,786.1749877929688,732.5301513671875,13648618,HDFCBANK.NS
2021-02-12T00:00:00.000Z,786.9500122070312,796.25,786.5,790.9749755859375,737.0026245117188,9910106,HDFCBANK.NS
2021-02-15T00:00:00.000Z,800.0499877929688,812.5,798.3499755859375,808.2999877929688,753.1455078125,10355244,HDFCBANK.NS
2021-02-16T00:00:00.000Z,810.5999755859375,820.5,804.2249755859375,813.3250122070312,757.8275756835938,13897358,HDFCBANK.NS
2021-02-17T00:00:00.000Z,810.0,810.9000244140625,791.5,793.25,739.1223754882812,12794426,HDFCBANK.NS
2021-02-18T00:00:00.000Z,802.9749755859375,802.9749755859375,774.0,777.1500244140625,724.1210327148438,14720560,HDFCBANK.NS
2021-02-19T00:00:00.000Z,772.5,782.0999755859375,766.5,769.5499877929688,717.0396118164062,17139508,HDFCBANK.NS
2021-02-22T00:00:00.000Z,772.5250244140625,786.9500122070312,769.7249755859375,774.0,721.1859741210938,29451838,HDFCBANK.NS
2021-02-23T00:00:00.000Z,776.875,778.8499755859375,761.3250122070312,764.5750122070312,712.4041137695312,18239906,HDFCBANK.NS
2021-02-24T00:00:00.000Z,763.25,806.9749755859375,758.125,803.2249755859375,748.416748046875,14314332,HDFCBANK.NS
2021-02-25T00:00:00.000Z,804.875,818.125,801.0,803.2000122070312,748.3934936523438,20109570,HDFCBANK.NS
2021-02-26T00:00:00.000Z,793.5250244140625,794.4500122070312,760.5,767.2000122070312,714.8499145507812,27912846,HDFCBANK.NS
2021-03-01T00:00:00.000Z,782.0,786.2750244140625,770.3499755859375,779.4500122070312,726.2640991210938,13536018,HDFCBANK.NS
2021-03-02T00:00:00.000Z,787.8499755859375,793.75,775.5,784.0999755859375,730.5967407226562,16110038,HDFCBANK.NS
2021-03-03T00:00:00.000Z,792.0,798.0,782.5,793.4249877929688,739.285400390625,11222410,HDFCBANK.NS
2021-03-04T00:00:00.000Z,774.2750244140625,785.5,769.5499877929688,776.0250244140625,723.0728149414062,16291438,HDFCBANK.NS
2021-03-05T00:00:00.000Z,765.5,772.7999877929688,760.5499877929688,765.0,712.8001098632812,17445822,HDFCBANK.NS
2021-03-08T00:00:00.000Z,771.0,777.5,756.25,759.75,707.9082641601562,15117050,HDFCBANK.NS
2021-03-09T00:00:00.000Z,772.5,782.8499755859375,769.125,781.25,727.941162109375,15066696,HDFCBANK.NS
2021-03-10T00:00:00.000Z,786.0,787.5,776.0750122070312,777.875,724.7965087890625,11055016,HDFCBANK.NS
2021-03-12T00:00:00.000Z,800.0,800.0,767.5250244140625,775.9749755859375,723.026123046875,15631204,HDFCBANK.NS
2021-03-15T00:00:00.000Z,774.2000122070312,774.2000122070312,757.6500244140625,764.3250122070312,712.171142578125,12230386,HDFCBANK.NS
2021-03-16T00:00:00.000Z,765.4500122070312,770.2000122070312,755.0,756.0750122070312,704.4841918945312,13722366,HDFCBANK.NS
2021-03-17T00:00:00.000Z,762.125,769.5,745.0999755859375,747.6749877929688,696.6572265625,21064428,HDFCBANK.NS
2021-03-18T00:00:00.000Z,755.875,761.0250244140625,740.5750122070312,745.5,694.6305541992188,18065540,HDFCBANK.NS
2021-03-19T00:00:00.000Z,742.5,755.5999755859375,737.0250244140625,748.75,697.6588134765625,21235020,HDFCBANK.NS
2021-03-22T00:00:00.000Z,747.4500122070312,747.4500122070312,730.2000122070312,734.5750122070312,684.4510498046875,14015632,HDFCBANK.NS
2021-03-23T00:00:00.000Z,735.0,753.7249755859375,734.5499877929688,750.0750122070312,698.8934936523438,19761428,HDFCBANK.NS
2021-03-24T00:00:00.000Z,745.4500122070312,753.2249755859375,735.5,739.4000244140625,688.9468383789062,16368900,HDFCBANK.NS
2021-03-25T00:00:00.000Z,745.0999755859375,747.7750244140625,725.125,731.6749877929688,681.7489624023438,23964356,HDFCBANK.NS
2021-03-26T00:00:00.000Z,747.0,749.5,737.0,745.6500244140625,694.7703857421875,12021258,HDFCBANK.NS
2021-03-30T00:00:00.000Z,753.3250122070312,781.2750244140625,750.7750244140625,776.8499755859375,723.8414306640625,25607644,HDFCBANK.NS
2021-03-31T00:00:00.000Z,774.0,774.0,744.0,746.8250122070312,695.865234375,30774506,HDFCBANK.NS
2021-04-01T00:00:00.000Z,749.7000122070312,749.7000122070312,732.5,743.375,692.650634765625,35763762,HDFCBANK.NS
2021-04-05T00:00:00.000Z,740.0,742.5,715.5,724.7999877929688,675.3431396484375,16006586,HDFCBANK.NS
2021-04-06T00:00:00.000Z,730.0,731.3250122070312,716.3250122070312,720.125,670.9869995117188,15075734,HDFCBANK.NS
2021-04-07T00:00:00.000Z,719.6500244140625,728.3499755859375,710.7750244140625,723.5999755859375,674.2249145507812,25088180,HDFCBANK.NS
2021-04-08T00:00:00.000Z,726.5,730.4500122070312,715.25,716.4000244140625,667.5162353515625,17613592,HDFCBANK.NS
2021-04-09T00:00:00.000Z,713.0,716.4000244140625,707.5499877929688,710.875,662.3683471679688,28157816,HDFCBANK.NS
2021-04-12T00:00:00.000Z,696.5,699.5,676.5,683.5250244140625,636.884521484375,22549128,HDFCBANK.NS
2021-04-13T00:00:00.000Z,684.0,703.2249755859375,680.5,700.1749877929688,652.3983764648438,18600682,HDFCBANK.NS
2021-04-15T00:00:00.000Z,702.5,718.3499755859375,695.5,715.0499877929688,666.2583618164062,34444984,HDFCBANK.NS
2021-04-16T00:00:00.000Z,717.4749755859375,722.5,711.75,714.3250122070312,665.5828857421875,15606526,HDFCBANK.NS
2021-04-19T00:00:00.000Z,695.0,708.8499755859375,686.1500244140625,706.2000122070312,658.01220703125,24069242,HDFCBANK.NS
2021-04-20T00:00:00.000Z,712.5,713.2000122070312,691.9749755859375,695.7000122070312,648.228759765625,23186270,HDFCBANK.NS
2021-04-22T00:00:00.000Z,690.0,713.4000244140625,685.5250244140625,711.25,662.7176513671875,38485312,HDFCBANK.NS
2021-04-23T00:00:00.000Z,704.5,717.2999877929688,700.0999755859375,707.0750122070312,658.8275756835938,22713528,HDFCBANK.NS
2021-04-26T00:00:00.000Z,706.5,714.5,701.375,702.4000244140625,654.4714965820312,30170952,HDFCBANK.NS
2021-04-27T00:00:00.000Z,703.625,721.0,702.4000244140625,719.3499755859375,670.2650146484375,20592906,HDFCBANK.NS
2021-04-28T00:00:00.000Z,718.125,739.5,715.5,738.4000244140625,688.0150756835938,24103940,HDFCBANK.NS
2021-04-29T00:00:00.000Z,743.0999755859375,751.8250122070312,730.5,736.25,686.0116577148438,24078552,HDFCBANK.NS
2021-04-30T00:00:00.000Z,722.5,726.9000244140625,703.75,706.1500244140625,657.9656372070312,35232902,HDFCBANK.NS
2021-05-03T00:00:00.000Z,696.5,710.9500122070312,688.6500244140625,707.2249755859375,658.96728515625,22473700,HDFCBANK.NS
2021-05-04T00:00:00.000Z,704.9749755859375,711.5,691.6500244140625,694.1749877929688,646.8078002929688,21486328,HDFCBANK.NS
2021-05-05T00:00:00.000Z,700.5,704.7999877929688,690.8499755859375,701.2999877929688,653.4466552734375,14421612,HDFCBANK.NS
2021-05-06T00:00:00.000Z,703.7999877929688,705.4000244140625,697.5,700.4500122070312,652.6546630859375,11477044,HDFCBANK.NS
2021-05-07T00:00:00.000Z,706.4749755859375,712.4749755859375,705.125,707.375,659.1071166992188,12048334,HDFCBANK.NS
2021-05-10T00:00:00.000Z,713.5,715.0,706.4000244140625,709.9249877929688,661.4830932617188,11060050,HDFCBANK.NS
2021-05-11T00:00:00.000Z,698.0,712.0999755859375,697.5250244140625,701.7750244140625,653.8892211914062,14519034,HDFCBANK.NS
2021-05-12T00:00:00.000Z,699.875,704.2999877929688,694.4249877929688,699.75,652.0023803710938,13774926,HDFCBANK.NS
2021-05-14T00:00:00.000Z,697.1749877929688,699.4500122070312,691.1749877929688,693.4249877929688,646.1090087890625,10604142,HDFCBANK.NS
2021-05-17T00:00:00.000Z,697.5750122070312,721.2999877929688,690.6500244140625,720.125,670.9869995117188,15120692,HDFCBANK.NS
2021-05-18T00:00:00.000Z,729.4749755859375,741.375,727.5,738.3499755859375,687.968505859375,22165280,HDFCBANK.NS
2021-05-19T00:00:00.000Z,735.0999755859375,739.4249877929688,726.2750244140625,729.0999755859375,679.3496704101562,10130916,HDFCBANK.NS
2021-05-20T00:00:00.000Z,729.1749877929688,732.9500122070312,714.25,716.4000244140625,667.5162353515625,10684184,HDFCBANK.NS
2021-05-21T00:00:00.000Z,721.5,750.9500122070312,721.5,748.6500244140625,697.5657958984375,19341646,HDFCBANK.NS
2021-05-24T00:00:00.000Z,751.625,760.2249755859375,749.25,754.9749755859375,703.458984375,22146102,HDFCBANK.NS
2021-05-25T00:00:00.000Z,755.25,756.875,735.25,739.4749755859375,689.0167236328125,19236974,HDFCBANK.NS
2021-05-26T00:00:00.000Z,740.0,743.5,735.0,738.5250244140625,688.131591796875,12283990,HDFCBANK.NS
2021-05-27T00:00:00.000Z,736.5499877929688,744.5,731.2249755859375,741.3250122070312,690.7405395507812,20439496,HDFCBANK.NS
2021-05-28T00:00:00.000Z,745.4500122070312,756.5,739.375,751.7249755859375,700.4308471679688,17750020,HDFCBANK.NS
2021-05-31T00:00:00.000Z,750.0,759.75,743.75,757.9249877929688,706.207763671875,15661054,HDFCBANK.NS
2021-06-01T00:00:00.000Z,760.1500244140625,763.5,753.625,755.8499755859375,704.2742919921875,11030162,HDFCBANK.NS
2021-06-02T00:00:00.000Z,755.0,755.0999755859375,746.5,752.0,700.6871948242188,10624016,HDFCBANK.NS
2021-06-03T00:00:00.000Z,754.0,762.4749755859375,743.875,760.2750244140625,708.3974609375,10287260,HDFCBANK.NS
2021-06-04T00:00:00.000Z,758.0,760.3250122070312,749.5999755859375,750.4749755859375,699.26611328125,9424476,HDFCBANK.NS
2021-06-07T00:00:00.000Z,755.0,757.0,748.0,749.9249877929688,698.753662109375,8091668,HDFCBANK.NS
2021-06-08T00:00:00.000Z,748.2750244140625,750.6500244140625,740.75,741.5250244140625,690.9268188476562,9872540,HDFCBANK.NS
2021-06-09T00:00:00.000Z,741.9500122070312,751.0,736.0250244140625,740.1500244140625,689.6456909179688,10223442,HDFCBANK.NS
2021-06-10T00:00:00.000Z,741.0499877929688,744.5,736.8250122070312,740.5250244140625,689.9951171875,11483540,HDFCBANK.NS
2021-06-11T00:00:00.000Z,745.5,748.2750244140625,740.5250244140625,743.1749877929688,692.4642944335938,7205974,HDFCBANK.NS
2021-06-14T00:00:00.000Z,739.125,743.0,731.2750244140625,739.7249755859375,689.2496337890625,8881964,HDFCBANK.NS
2021-06-15T00:00:00.000Z,743.0,748.0,737.4000244140625,745.125,694.2811889648438,7569602,HDFCBANK.NS
2021-06-16T00:00:00.000Z,744.0,747.0,739.0499877929688,742.2999877929688,691.6489868164062,7702098,HDFCBANK.NS
2021-06-17T00:00:00.000Z,733.0,739.375,730.0,733.0499877929688,683.0301513671875,9283802,HDFCBANK.NS
2021-06-18T00:00:00.000Z,734.75,745.0,727.5,739.9000244140625,689.4127807617188,11938060,HDFCBANK.NS
2021-06-21T00:00:00.000Z,730.6749877929688,745.9000244140625,729.5,744.3499755859375,693.55908203125,7260472,HDFCBANK.NS
2021-06-22T00:00:00.000Z,748.5,754.0,740.0,741.9000244140625,691.2763671875,14366824,HDFCBANK.NS
2021-06-23T00:00:00.000Z,745.0,748.9000244140625,739.2999877929688,742.75,692.0682373046875,7844868,HDFCBANK.NS
2021-06-24T00:00:00.000Z,745.0,756.7249755859375,744.0,753.125,701.7353515625,14785024,HDFCBANK.NS
2021-06-25T00:00:00.000Z,755.5499877929688,761.0,753.5,757.5499877929688,705.8583984375,10383176,HDFCBANK.NS
2021-06-28T00:00:00.000Z,760.0,761.5,752.5,754.1749877929688,702.7137451171875,9356786,HDFCBANK.NS
2021-06-29T00:00:00.000Z,753.5,754.0999755859375,746.0750122070312,751.0250244140625,702.807373046875,10971692,HDFCBANK.NS
2021-06-30T00:00:00.000Z,749.0,754.5,747.0499877929688,748.9500122070312,700.865478515625,9679022,HDFCBANK.NS
2021-07-01T00:00:00.000Z,751.0,751.0,741.5,743.375,695.6484375,16911442,HDFCBANK.NS
2021-07-02T00:00:00.000Z,742.5,744.625,738.5,740.2000122070312,692.6773071289062,14827036,HDFCBANK.NS
2021-07-05T00:00:00.000Z,744.9749755859375,752.25,742.2750244140625,747.7249755859375,699.7191162109375,7373882,HDFCBANK.NS
2021-07-06T00:00:00.000Z,748.5,770.0,748.0,767.3499755859375,718.0841064453125,17669032,HDFCBANK.NS
2021-07-07T00:00:00.000Z,767.0,772.6749877929688,763.8499755859375,769.75,720.330078125,9629190,HDFCBANK.NS
2021-07-08T00:00:00.000Z,762.5,768.8499755859375,756.7249755859375,760.2249755859375,711.4166259765625,8420922,HDFCBANK.NS
2021-07-09T00:00:00.000Z,756.2750244140625,758.0,748.75,751.0,702.7838134765625,10695842,HDFCBANK.NS
2021-07-12T00:00:00.000Z,751.0,751.0,742.0,743.5,695.7654418945312,14458978,HDFCBANK.NS
2021-07-13T00:00:00.000Z,748.0499877929688,753.0499877929688,742.0499877929688,750.9249877929688,702.7136840820312,18178142,HDFCBANK.NS
2021-07-14T00:00:00.000Z,748.75,753.6749877929688,745.5499877929688,749.5750122070312,701.4503784179688,9788494,HDFCBANK.NS
2021-07-15T00:00:00.000Z,752.5,763.375,749.8250122070312,760.3499755859375,711.5335693359375,10438802,HDFCBANK.NS
2021-07-16T00:00:00.000Z,763.9749755859375,764.9749755859375,759.4000244140625,761.1749877929688,712.3055419921875,5170628,HDFCBANK.NS
2021-07-19T00:00:00.000Z,743.5,744.4249877929688,733.0,735.5,688.2789916992188,25111600,HDFCBANK.NS
2021-07-20T00:00:00.000Z,721.0,727.0,718.0750122070312,721.5750122070312,675.248046875,24174250,HDFCBANK.NS
2021-07-22T00:00:00.000Z,728.0499877929688,734.25,722.5,724.3499755859375,677.8448486328125,13207114,HDFCBANK.NS
2021-07-23T00:00:00.000Z,725.75,728.7249755859375,717.6500244140625,721.375,675.0609130859375,13126684,HDFCBANK.NS
2021-07-26T00:00:00.000Z,715.0,722.0,714.0499877929688,717.2750244140625,671.22412109375,13167166,HDFCBANK.NS
2021-07-27T00:00:00.000Z,718.0499877929688,724.9500122070312,718.0499877929688,719.875,673.6572265625,22401430,HDFCBANK.NS
2021-07-28T00:00:00.000Z,717.5250244140625,719.3499755859375,702.0,708.6500244140625,663.1528930664062,20670342,HDFCBANK.NS
2021-07-29T00:00:00.000Z,714.125,714.9749755859375,706.6500244140625,709.125,663.597412109375,13702230,HDFCBANK.NS
2021-07-30T00:00:00.000Z,709.5,715.875,703.9749755859375,713.2249755859375,667.4340209960938,11655488,HDFCBANK.NS
2021-08-02T00:00:00.000Z,717.5,717.5,708.125,711.3250122070312,665.6561279296875,13258786,HDFCBANK.NS
2021-08-03T00:00:00.000Z,705.0,719.9500122070312,705.0,717.3499755859375,671.2943115234375,12033120,HDFCBANK.NS
2021-08-04T00:00:00.000Z,720.5,737.25,720.0,732.6500244140625,685.612060546875,22053948,HDFCBANK.NS
2021-08-05T00:00:00.000Z,733.5499877929688,753.5250244140625,728.7000122070312,742.4249877929688,694.7593994140625,18822408,HDFCBANK.NS
2016-08-04T00:00:00.000Z,311.6499938964844,311.67498779296875,308.3999938964844,310.25,282.9569396972656,4662880,HDFCBANK.NS
2016-08-05T00:00:00.000Z,311.8500061035156,313.9125061035156,310.4375,312.3125,284.83807373046875,5784912,HDFCBANK.NS
2016-08-08T00:00:00.000Z,313.2250061035156,313.75,311.13751220703125,312.3999938964844,284.91778564453125,4728776,HDFCBANK.NS
2016-08-09T00:00:00.000Z,313.2250061035156,313.2250061035156,309.42498779296875,311.79998779296875,284.3705749511719,4210856,HDFCBANK.NS
2016-08-10T00:00:00.000Z,311.25,312.73748779296875,304.9375,306.7250061035156,279.7420654296875,3619720,HDFCBANK.NS
2016-08-11T00:00:00.000Z,306.70001220703125,308.75,305.5,307.0625,280.0498046875,2856072,HDFCBANK.NS
2016-08-12T00:00:00.000Z,307.76251220703125,308.75,304.8500061035156,307.17498779296875,280.1524658203125,4641496,HDFCBANK.NS
2016-08-16T00:00:00.000Z,308.25,309.61248779296875,303.45001220703125,306.82501220703125,279.833251953125,3468568,HDFCBANK.NS
2016-08-17T00:00:00.000Z,308.3500061035156,309.375,306.5,308.7250061035156,281.566162109375,5511036,HDFCBANK.NS
2016-08-18T00:00:00.000Z,309.5,313.7250061035156,308.63751220703125,313.125,285.57904052734375,6111656,HDFCBANK.NS
2016-08-19T00:00:00.000Z,312.5,312.5,310.36248779296875,311.7749938964844,284.3478088378906,4110636,HDFCBANK.NS
2016-08-22T00:00:00.000Z,311.26251220703125,313.61248779296875,310.25,312.57501220703125,285.07745361328125,5501292,HDFCBANK.NS
2016-08-23T00:00:00.000Z,312.75,313.5,311.51251220703125,312.86248779296875,285.339599609375,5314524,HDFCBANK.NS
2016-08-24T00:00:00.000Z,313.01251220703125,316.04998779296875,311.76251220703125,315.45001220703125,287.69952392578125,5570936,HDFCBANK.NS
2016-08-25T00:00:00.000Z,316.0,316.70001220703125,313.57501220703125,314.63751220703125,286.95843505859375,8729888,HDFCBANK.NS
2016-08-26T00:00:00.000Z,315.0,315.4750061035156,313.4750061035156,314.2749938964844,286.62786865234375,2521136,HDFCBANK.NS
2016-08-29T00:00:00.000Z,313.875,313.875,309.04998779296875,309.5249938964844,282.2956848144531,2944184,HDFCBANK.NS
2016-08-30T00:00:00.000Z,311.2749938964844,317.625,310.98748779296875,317.1625061035156,289.2613830566406,9867608,HDFCBANK.NS
2016-08-31T00:00:00.000Z,317.25,323.75,316.375,322.79998779296875,294.4028625488281,11161364,HDFCBANK.NS
2016-09-01T00:00:00.000Z,322.0,322.5,318.8500061035156,320.92498779296875,292.6928405761719,5224676,HDFCBANK.NS
2016-09-02T00:00:00.000Z,321.375,322.25,320.2875061035156,321.2749938964844,293.0120849609375,3955188,HDFCBANK.NS
2016-09-06T00:00:00.000Z,322.51251220703125,325.9750061035156,322.51251220703125,325.1000061035156,296.5005798339844,5508884,HDFCBANK.NS
2016-09-07T00:00:00.000Z,325.25,326.25,320.7749938964844,321.6875,293.3882751464844,4016444,HDFCBANK.NS
2016-09-08T00:00:00.000Z,322.5,323.8125,320.8999938964844,322.3500061035156,293.9925537109375,2905380,HDFCBANK.NS
2016-09-09T00:00:00.000Z,322.5,323.625,319.57501220703125,322.6000061035156,294.22052001953125,4013768,HDFCBANK.NS
2016-09-12T00:00:00.000Z,318.67498779296875,321.1000061035156,317.875,319.9750061035156,291.826416015625,3985728,HDFCBANK.NS
2016-09-14T00:00:00.000Z,318.75,319.25,316.3500061035156,317.36248779296875,289.4437255859375,3849508,HDFCBANK.NS
2016-09-15T00:00:00.000Z,318.0,320.9750061035156,317.4624938964844,319.8999938964844,291.7580261230469,3501812,HDFCBANK.NS
2016-09-16T00:00:00.000Z,320.95001220703125,326.125,320.95001220703125,324.4624938964844,295.9191589355469,6525816,HDFCBANK.NS
2016-09-19T00:00:00.000Z,324.25,325.625,322.0,322.5375061035156,294.16351318359375,5894832,HDFCBANK.NS
2016-09-20T00:00:00.000Z,323.1625061035156,323.75,321.01251220703125,322.11248779296875,293.77587890625,3778248,HDFCBANK.NS
2016-09-21T00:00:00.000Z,323.0,324.5,321.9750061035156,323.25,294.8133239746094,4256400,HDFCBANK.NS
2016-09-22T00:00:00.000Z,326.25,329.23748779296875,325.13751220703125,326.7250061035156,297.98260498046875,6555800,HDFCBANK.NS
2016-09-23T00:00:00.000Z,326.51251220703125,329.61248779296875,325.375,328.17498779296875,299.3050537109375,4876808,HDFCBANK.NS
2016-09-26T00:00:00.000Z,326.5249938964844,327.2250061035156,323.42498779296875,324.0375061035156,295.5315246582031,5576772,HDFCBANK.NS
2016-09-27T00:00:00.000Z,324.75,326.5375061035156,323.7124938964844,324.51251220703125,295.96478271484375,4056812,HDFCBANK.NS
2016-09-28T00:00:00.000Z,324.9750061035156,325.0,322.25,323.8125,295.3263244628906,4989652,HDFCBANK.NS
2016-09-29T00:00:00.000Z,324.48748779296875,326.5,316.98748779296875,319.375,291.2792663574219,16450012,HDFCBANK.NS
2016-09-30T00:00:00.000Z,319.2749938964844,320.25,316.8500061035156,318.2124938964844,290.218994140625,4138428,HDFCBANK.NS
2016-10-03T00:00:00.000Z,320.25,322.4750061035156,319.1000061035156,321.79998779296875,293.4908447265625,3900548,HDFCBANK.NS
2016-10-04T00:00:00.000Z,322.1499938964844,323.75,320.57501220703125,322.38751220703125,294.0267333984375,2775512,HDFCBANK.NS
2016-10-05T00:00:00.000Z,324.5,325.01251220703125,319.1000061035156,321.5249938964844,293.24005126953125,3647020,HDFCBANK.NS
2016-10-06T00:00:00.000Z,321.7749938964844,323.8999938964844,319.76251220703125,320.48748779296875,292.2938232421875,2895712,HDFCBANK.NS
2016-10-07T00:00:00.000Z,321.0,321.9375,319.0625,320.1499938964844,291.9859924316406,3337464,HDFCBANK.NS
2016-10-10T00:00:00.000Z,321.25,321.9750061035156,319.6875,321.0874938964844,292.841064453125,4719312,HDFCBANK.NS
2016-10-13T00:00:00.000Z,319.75,319.75,314.11248779296875,315.6875,287.91607666015625,4519356,HDFCBANK.NS
2016-10-14T00:00:00.000Z,316.4375,317.0,313.5,315.45001220703125,287.69952392578125,4067116,HDFCBANK.NS
2016-10-17T00:00:00.000Z,316.375,316.6000061035156,308.1875,309.42498779296875,282.20452880859375,5135360,HDFCBANK.NS
2016-10-18T00:00:00.000Z,310.79998779296875,315.0,309.75,314.4624938964844,286.798828125,2610968,HDFCBANK.NS
2016-10-19T00:00:00.000Z,315.2749938964844,315.75,312.0,314.5874938964844,286.91290283203125,3044904,HDFCBANK.NS
2016-10-20T00:00:00.000Z,315.0625,316.86248779296875,312.75,313.875,286.2630615234375,3200356,HDFCBANK.NS
2016-10-21T00:00:00.000Z,314.0,318.23748779296875,312.5,317.67498779296875,289.728759765625,3956408,HDFCBANK.NS
2016-10-24T00:00:00.000Z,317.9375,319.2124938964844,315.26251220703125,315.88751220703125,288.0985107421875,3255664,HDFCBANK.NS
2016-10-25T00:00:00.000Z,317.0,317.0,311.01251220703125,312.57501220703125,285.07745361328125,5501796,HDFCBANK.NS
2016-10-26T00:00:00.000Z,310.8374938964844,316.25,308.76251220703125,309.82501220703125,282.5693664550781,5366540,HDFCBANK.NS
2016-10-27T00:00:00.000Z,309.75,314.25,306.0375061035156,313.0249938964844,285.4877624511719,11623860,HDFCBANK.NS
2016-10-28T00:00:00.000Z,313.625,315.4750061035156,310.0249938964844,314.76251220703125,287.072509765625,5320536,HDFCBANK.NS
2016-11-01T00:00:00.000Z,314.0,315.9624938964844,311.76251220703125,314.95001220703125,287.2434997558594,3402416,HDFCBANK.NS
2016-11-02T00:00:00.000Z,312.7749938964844,313.92498779296875,310.375,311.5375061035156,284.1312255859375,6474432,HDFCBANK.NS
2016-11-03T00:00:00.000Z,311.25,315.0,307.9375,313.73748779296875,286.1375732421875,6315812,HDFCBANK.NS
2016-11-04T00:00:00.000Z,313.20001220703125,313.20001220703125,310.4375,310.92498779296875,283.5725402832031,5734920,HDFCBANK.NS
2016-11-07T00:00:00.000Z,313.0,313.7124938964844,310.0,312.36248779296875,284.8835754394531,5671392,HDFCBANK.NS
2016-11-08T00:00:00.000Z,312.7749938964844,314.5,310.0249938964844,313.57501220703125,285.9894714355469,5348164,HDFCBANK.NS
2016-11-09T00:00:00.000Z,300.0,314.3500061035156,298.8374938964844,312.8125,285.2940673828125,13645468,HDFCBANK.NS
2016-11-10T00:00:00.000Z,315.9375,320.75,313.5249938964844,319.63751220703125,291.51861572265625,10700736,HDFCBANK.NS
2016-11-11T00:00:00.000Z,318.5,320.5,316.3999938964844,318.95001220703125,290.89166259765625,7139320,HDFCBANK.NS
2016-11-15T00:00:00.000Z,319.375,322.25,312.6625061035156,313.6875,286.0920715332031,12512524,HDFCBANK.NS
2016-11-16T00:00:00.000Z,317.0,317.0,310.01251220703125,311.0874938964844,283.72076416015625,8647744,HDFCBANK.NS
2016-11-17T00:00:00.000Z,309.57501220703125,312.2250061035156,306.2875061035156,307.54998779296875,280.4944763183594,4815624,HDFCBANK.NS
2016-11-18T00:00:00.000Z,309.0,309.0,302.29998779296875,302.8500061035156,276.20794677734375,6879900,HDFCBANK.NS
2016-11-21T00:00:00.000Z,304.875,304.875,297.0874938964844,299.67498779296875,273.312255859375,5552520,HDFCBANK.NS
2016-11-22T00:00:00.000Z,301.70001220703125,301.70001220703125,297.3374938964844,299.51251220703125,273.1640319824219,10017784,HDFCBANK.NS
2016-11-23T00:00:00.000Z,300.75,300.75,295.2749938964844,296.1875,270.1315612792969,3532692,HDFCBANK.NS
2016-11-24T00:00:00.000Z,296.0,296.57501220703125,290.2250061035156,291.375,265.742431640625,15285996,HDFCBANK.NS
2016-11-25T00:00:00.000Z,292.25,298.29998779296875,289.5,297.32501220703125,271.1689758300781,5969960,HDFCBANK.NS
2016-11-28T00:00:00.000Z,295.0625,299.7250061035156,294.5249938964844,296.11248779296875,270.0631103515625,4130180,HDFCBANK.NS
2016-11-29T00:00:00.000Z,296.17498779296875,298.23748779296875,294.125,294.6875,268.76348876953125,3932644,HDFCBANK.NS
2016-11-30T00:00:00.000Z,296.25,300.5,295.2749938964844,299.8999938964844,273.5174865722656,6442840,HDFCBANK.NS
2016-12-01T00:00:00.000Z,300.57501220703125,301.9750061035156,298.25,299.3125,272.981689453125,4476984,HDFCBANK.NS
2016-12-02T00:00:00.000Z,297.25,300.48748779296875,294.17498779296875,297.2749938964844,271.12335205078125,4062672,HDFCBANK.NS
2016-12-05T00:00:00.000Z,296.8999938964844,299.73748779296875,294.125,299.0874938964844,272.7763977050781,4551936,HDFCBANK.NS
2016-12-06T00:00:00.000Z,298.75,300.7124938964844,297.54998779296875,298.61248779296875,272.34320068359375,2702964,HDFCBANK.NS
2016-12-07T00:00:00.000Z,300.4624938964844,301.4750061035156,291.75,295.3999938964844,269.413330078125,5628192,HDFCBANK.NS
2016-12-08T00:00:00.000Z,296.75,301.38751220703125,296.75,299.875,273.49462890625,4309696,HDFCBANK.NS
2016-12-09T00:00:00.000Z,299.7749938964844,300.57501220703125,297.0,299.57501220703125,273.2210388183594,4387952,HDFCBANK.NS
2016-12-12T00:00:00.000Z,298.0,298.0375061035156,295.2749938964844,296.11248779296875,270.0631103515625,3425272,HDFCBANK.NS
2016-12-13T00:00:00.000Z,295.0625,297.5874938964844,294.63751220703125,296.5625,270.47357177734375,2526868,HDFCBANK.NS
2016-12-14T00:00:00.000Z,296.75,297.0,293.3500061035156,293.92498779296875,268.06805419921875,4314144,HDFCBANK.NS
2016-12-15T00:00:00.000Z,291.04998779296875,298.625,290.8999938964844,294.1499938964844,268.2732849121094,4941488,HDFCBANK.NS
2016-12-16T00:00:00.000Z,294.1499938964844,296.25,292.88751220703125,295.57501220703125,269.5729064941406,3255828,HDFCBANK.NS
2016-12-19T00:00:00.000Z,294.20001220703125,294.875,292.625,294.1875,268.3074951171875,3160436,HDFCBANK.NS
2016-12-20T00:00:00.000Z,294.0,296.25,292.92498779296875,295.4750061035156,269.4817199707031,4189992,HDFCBANK.NS
2016-12-21T00:00:00.000Z,296.0,296.25,293.75,295.0,269.04852294921875,2658876,HDFCBANK.NS
2016-12-22T00:00:00.000Z,294.1000061035156,294.875,292.1000061035156,293.2749938964844,267.47528076171875,2805716,HDFCBANK.NS
2016-12-23T00:00:00.000Z,292.75,297.3125,292.32501220703125,296.5625,270.47357177734375,4752516,HDFCBANK.NS
2016-12-26T00:00:00.000Z,294.63751220703125,296.5249938964844,292.5249938964844,293.75,267.9084777832031,4183864,HDFCBANK.NS
2016-12-27T00:00:00.000Z,294.82501220703125,296.7250061035156,293.4750061035156,296.29998779296875,270.2341613769531,4899296,HDFCBANK.NS
2016-12-28T00:00:00.000Z,297.4750061035156,298.73748779296875,295.25,296.6875,270.5875549316406,6507840,HDFCBANK.NS
2016-12-29T00:00:00.000Z,296.25,301.98748779296875,295.36248779296875,301.29998779296875,274.7942810058594,8100816,HDFCBANK.NS
2016-12-30T00:00:00.000Z,300.0,303.0,299.98748779296875,301.54998779296875,275.0223083496094,4066540,HDFCBANK.NS
2017-01-02T00:00:00.000Z,302.36248779296875,302.5249938964844,298.01251220703125,299.2749938964844,272.94744873046875,3708656,HDFCBANK.NS
2017-01-03T00:00:00.000Z,300.20001220703125,300.48748779296875,296.4375,297.4750061035156,271.30584716796875,3847500,HDFCBANK.NS
2017-01-04T00:00:00.000Z,297.4624938964844,298.0,295.95001220703125,296.375,270.3025207519531,6967120,HDFCBANK.NS
2017-01-05T00:00:00.000Z,297.25,298.625,295.7749938964844,296.54998779296875,270.462158203125,6776384,HDFCBANK.NS
2017-01-06T00:00:00.000Z,297.5249938964844,299.6000061035156,297.04998779296875,298.4125061035156,272.1608581542969,5525260,HDFCBANK.NS
2017-01-09T00:00:00.000Z,299.7124938964844,301.0375061035156,298.0375061035156,298.79998779296875,272.5141906738281,4573796,HDFCBANK.NS
2017-01-10T00:00:00.000Z,299.04998779296875,304.20001220703125,298.82501220703125,303.5874938964844,276.8805236816406,5546116,HDFCBANK.NS
2017-01-11T00:00:00.000Z,304.375,309.5249938964844,303.875,308.5,281.36090087890625,9343404,HDFCBANK.NS
2017-01-12T00:00:00.000Z,308.75,310.92498779296875,306.375,308.75,281.5888977050781,2916316,HDFCBANK.NS
2017-01-13T00:00:00.000Z,309.75,309.92498779296875,307.1499938964844,308.125,281.0189208984375,3850412,HDFCBANK.NS
2017-01-16T00:00:00.000Z,308.375,312.36248779296875,308.20001220703125,311.9125061035156,284.47320556640625,3765864,HDFCBANK.NS
2017-01-17T00:00:00.000Z,311.75,313.1000061035156,309.0625,309.625,282.386962890625,3559612,HDFCBANK.NS
2017-01-18T00:00:00.000Z,310.2250061035156,314.0,310.2124938964844,310.6499938964844,283.3217468261719,4612888,HDFCBANK.NS
2017-01-19T00:00:00.000Z,311.2250061035156,311.2250061035156,308.75,309.07501220703125,281.8853759765625,3512412,HDFCBANK.NS
2017-01-20T00:00:00.000Z,309.0,311.25,307.5,309.0874938964844,281.896728515625,13942068,HDFCBANK.NS
2017-01-23T00:00:00.000Z,309.0,312.5,308.95001220703125,311.1625061035156,283.7891845703125,4793848,HDFCBANK.NS
2017-01-24T00:00:00.000Z,312.5,317.875,312.3125,316.88751220703125,289.0105895996094,10261864,HDFCBANK.NS
2017-01-25T00:00:00.000Z,318.1499938964844,323.8999938964844,317.5249938964844,322.6499938964844,294.26611328125,15636984,HDFCBANK.NS
2017-01-27T00:00:00.000Z,324.75,325.0,322.0,322.9750061035156,294.5625305175781,6852236,HDFCBANK.NS
2017-01-30T00:00:00.000Z,323.23748779296875,323.23748779296875,320.13751220703125,321.23748779296875,292.97784423828125,5319628,HDFCBANK.NS
2017-01-31T00:00:00.000Z,320.6000061035156,323.17498779296875,319.25,321.6625061035156,293.365478515625,6101040,HDFCBANK.NS
2017-02-01T00:00:00.000Z,321.54998779296875,327.5,320.125,326.42498779296875,297.7090148925781,10910664,HDFCBANK.NS
2017-02-02T00:00:00.000Z,326.42498779296875,326.42498779296875,323.1499938964844,324.67498779296875,296.11297607421875,5971636,HDFCBANK.NS
2017-02-03T00:00:00.000Z,324.75,329.0,324.125,327.76251220703125,298.9288635253906,8005104,HDFCBANK.NS
2017-02-06T00:00:00.000Z,328.07501220703125,330.0,327.86248779296875,328.5249938964844,299.6242980957031,4310220,HDFCBANK.NS
2017-02-07T00:00:00.000Z,329.0,329.5,325.73748779296875,326.7875061035156,298.0395812988281,3411920,HDFCBANK.NS
2017-02-08T00:00:00.000Z,326.88751220703125,329.67498779296875,324.5375061035156,326.4125061035156,297.6976013183594,4940960,HDFCBANK.NS
2017-02-09T00:00:00.000Z,327.3500061035156,329.9750061035156,323.13751220703125,324.4125061035156,295.8735656738281,4465376,HDFCBANK.NS
2017-02-10T00:00:00.000Z,324.5874938964844,327.1875,324.5,325.8999938964844,297.230224609375,3296736,HDFCBANK.NS
2017-02-13T00:00:00.000Z,326.88751220703125,328.75,324.79998779296875,327.54998779296875,298.7350158691406,2795792,HDFCBANK.NS
2017-02-14T00:00:00.000Z,328.5,328.5,326.0,327.7749938964844,298.9402160644531,2446060,HDFCBANK.NS
2017-02-15T00:00:00.000Z,328.0,331.0,326.86248779296875,330.54998779296875,301.4711608886719,6126940,HDFCBANK.NS
2017-02-16T00:00:00.000Z,330.75,333.25,330.0625,331.9750061035156,302.7707824707031,5043700,HDFCBANK.NS
2017-02-17T00:00:00.000Z,361.25,363.5,340.11248779296875,344.26251220703125,313.9773254394531,402259960,HDFCBANK.NS
2017-02-20T00:00:00.000Z,340.29998779296875,353.86248779296875,339.7875061035156,352.2749938964844,321.2849426269531,10566716,HDFCBANK.NS
2017-02-21T00:00:00.000Z,351.51251220703125,355.45001220703125,349.3500061035156,353.88751220703125,322.7556457519531,6260028,HDFCBANK.NS
2017-02-22T00:00:00.000Z,353.75,354.70001220703125,348.7124938964844,349.7875061035156,319.01629638671875,5296776,HDFCBANK.NS
2017-02-23T00:00:00.000Z,350.95001220703125,355.3374938964844,346.76251220703125,348.57501220703125,317.91046142578125,34494980,HDFCBANK.NS
2017-02-27T00:00:00.000Z,347.7250061035156,349.5874938964844,344.6499938964844,348.3999938964844,317.7508544921875,4681376,HDFCBANK.NS
2017-02-28T00:00:00.000Z,348.2250061035156,349.0625,346.125,347.5249938964844,316.9528503417969,2928008,HDFCBANK.NS
2017-03-01T00:00:00.000Z,349.11248779296875,349.125,346.6000061035156,347.9125061035156,317.3062744140625,3481736,HDFCBANK.NS
2017-03-02T00:00:00.000Z,348.63751220703125,349.0,344.0625,345.0249938964844,314.6727294921875,4601988,HDFCBANK.NS
2017-03-03T00:00:00.000Z,346.125,346.125,342.25,344.25,313.9659729003906,2492824,HDFCBANK.NS
2017-03-06T00:00:00.000Z,344.20001220703125,347.4750061035156,343.2749938964844,345.1875,314.82098388671875,3679124,HDFCBANK.NS
2017-03-07T00:00:00.000Z,345.5625,346.875,344.04998779296875,346.54998779296875,316.0635986328125,3112876,HDFCBANK.NS
2017-03-08T00:00:00.000Z,346.9750061035156,349.79998779296875,345.26251220703125,348.04998779296875,317.431640625,3782144,HDFCBANK.NS
2017-03-09T00:00:00.000Z,345.4125061035156,349.67498779296875,345.4125061035156,348.54998779296875,317.88763427734375,3509316,HDFCBANK.NS
2017-03-10T00:00:00.000Z,348.75,352.0,348.2875061035156,350.0249938964844,319.2328796386719,5860704,HDFCBANK.NS
2017-03-14T00:00:00.000Z,355.5249938964844,356.0375061035156,351.6625061035156,352.67498779296875,321.6497802734375,7155020,HDFCBANK.NS
2017-03-15T00:00:00.000Z,352.73748779296875,355.0,352.63751220703125,354.1499938964844,322.99505615234375,4271860,HDFCBANK.NS
2017-03-16T00:00:00.000Z,354.5249938964844,355.7124938964844,353.4125061035156,354.3374938964844,323.166015625,4980108,HDFCBANK.NS
2017-03-17T00:00:00.000Z,354.63751220703125,356.875,353.2124938964844,356.4624938964844,325.1041259765625,3390464,HDFCBANK.NS
2017-03-20T00:00:00.000Z,356.6625061035156,359.9624938964844,356.48748779296875,359.0249938964844,327.4411315917969,8142344,HDFCBANK.NS
2017-03-21T00:00:00.000Z,358.5,361.25,358.5,360.23748779296875,328.5469970703125,5557280,HDFCBANK.NS
2017-03-22T00:00:00.000Z,356.92498779296875,359.25,356.45001220703125,357.7250061035156,326.2555236816406,5636544,HDFCBANK.NS
2017-03-23T00:00:00.000Z,358.6000061035156,358.75,355.7250061035156,357.7250061035156,326.2555236816406,4922472,HDFCBANK.NS
2017-03-24T00:00:00.000Z,358.25,358.61248779296875,355.5,356.0874938964844,324.7621154785156,3810364,HDFCBANK.NS
2017-03-27T00:00:00.000Z,356.0,356.0,351.01251220703125,352.4624938964844,321.4559631347656,5864084,HDFCBANK.NS
2017-03-28T00:00:00.000Z,354.57501220703125,356.17498779296875,353.2749938964844,355.04998779296875,323.8158874511719,8061400,HDFCBANK.NS
2017-03-29T00:00:00.000Z,355.20001220703125,358.70001220703125,355.0,357.1499938964844,325.7310791015625,8575772,HDFCBANK.NS
2017-03-30T00:00:00.000Z,357.0,369.98748779296875,356.26251220703125,366.54998779296875,334.30413818359375,34321092,HDFCBANK.NS
2017-03-31T00:00:00.000Z,363.45001220703125,363.5,359.13751220703125,360.63751220703125,328.91180419921875,9651392,HDFCBANK.NS
2017-04-03T00:00:00.000Z,361.5,362.5249938964844,356.5,358.29998779296875,326.7799377441406,4149052,HDFCBANK.NS
2017-04-05T00:00:00.000Z,358.8125,361.625,356.88751220703125,358.0874938964844,326.586181640625,5744080,HDFCBANK.NS
2017-04-06T00:00:00.000Z,357.875,360.75,356.26251220703125,359.625,327.9884033203125,6124416,HDFCBANK.NS
2017-04-07T00:00:00.000Z,357.76251220703125,361.25,357.1499938964844,359.7124938964844,328.06817626953125,4648360,HDFCBANK.NS
2017-04-10T00:00:00.000Z,360.75,360.75,358.1625061035156,358.5375061035156,326.99652099609375,3393876,HDFCBANK.NS
2017-04-11T00:00:00.000Z,358.5,360.29998779296875,357.875,359.875,328.2164001464844,4356260,HDFCBANK.NS
2017-04-12T00:00:00.000Z,359.75,362.48748779296875,358.875,360.92498779296875,329.1740417480469,3565092,HDFCBANK.NS
2017-04-13T00:00:00.000Z,360.75,362.2250061035156,359.26251220703125,360.07501220703125,328.3988342285156,4804236,HDFCBANK.NS
2017-04-17T00:00:00.000Z,360.07501220703125,360.95001220703125,357.0625,359.20001220703125,327.600830078125,7137056,HDFCBANK.NS
2017-04-18T00:00:00.000Z,360.0,363.75,359.5,361.82501220703125,329.994873046875,3638860,HDFCBANK.NS
2017-04-19T00:00:00.000Z,361.75,364.1875,359.5,362.25,330.38238525390625,4338144,HDFCBANK.NS
2017-04-20T00:00:00.000Z,363.25,366.51251220703125,363.23748779296875,365.5375061035156,333.38079833984375,5781372,HDFCBANK.NS
2017-04-21T00:00:00.000Z,366.5,374.75,363.32501220703125,374.1499938964844,341.2355651855469,17258032,HDFCBANK.NS
2017-04-24T00:00:00.000Z,374.5249938964844,384.75,374.25,383.26251220703125,349.5464782714844,20206952,HDFCBANK.NS
2017-04-25T00:00:00.000Z,383.76251220703125,386.375,382.3999938964844,384.26251220703125,350.45849609375,9057780,HDFCBANK.NS
2017-04-26T00:00:00.000Z,385.73748779296875,388.25,367.11248779296875,387.6625061035156,353.55938720703125,7795852,HDFCBANK.NS
2017-04-27T00:00:00.000Z,386.5249938964844,393.48748779296875,386.5249938964844,392.1499938964844,357.6521301269531,16180420,HDFCBANK.NS
2017-04-28T00:00:00.000Z,389.9750061035156,389.9750061035156,384.2749938964844,386.625,352.6131591796875,5437728,HDFCBANK.NS
2017-05-02T00:00:00.000Z,386.75,387.7250061035156,382.5874938964844,385.1499938964844,351.2679443359375,4007040,HDFCBANK.NS
2017-05-03T00:00:00.000Z,388.5625,388.5625,384.8374938964844,386.07501220703125,352.1115417480469,2507964,HDFCBANK.NS
2017-05-04T00:00:00.000Z,384.8125,385.7250061035156,380.6499938964844,383.70001220703125,349.94549560546875,5131028,HDFCBANK.NS
2017-05-05T00:00:00.000Z,385.5249938964844,385.7250061035156,381.57501220703125,383.04998779296875,349.3526306152344,2757896,HDFCBANK.NS
2017-05-08T00:00:00.000Z,384.5,385.0,382.13751220703125,383.70001220703125,349.94549560546875,3747252,HDFCBANK.NS
2017-05-09T00:00:00.000Z,383.70001220703125,386.3999938964844,383.1625061035156,383.9375,350.16204833984375,3345836,HDFCBANK.NS
2017-05-10T00:00:00.000Z,385.0,388.75,384.26251220703125,387.95001220703125,353.8215637207031,2342244,HDFCBANK.NS
2017-05-11T00:00:00.000Z,387.75,390.0,385.25,386.6000061035156,352.59039306640625,3875744,HDFCBANK.NS
2017-05-12T00:00:00.000Z,386.4750061035156,389.2250061035156,384.04998779296875,387.9125061035156,353.78741455078125,6147604,HDFCBANK.NS
2017-05-15T00:00:00.000Z,387.5,389.29998779296875,385.5625,388.3500061035156,354.1864013671875,2804780,HDFCBANK.NS
2017-05-16T00:00:00.000Z,388.75,390.5,387.0625,389.9125061035156,355.6114501953125,3590376,HDFCBANK.NS
2017-05-17T00:00:00.000Z,389.70001220703125,391.3500061035156,387.875,389.2875061035156,355.0414123535156,3472472,HDFCBANK.NS
2017-05-18T00:00:00.000Z,387.25,390.375,387.0249938964844,389.2749938964844,355.0299987792969,3107280,HDFCBANK.NS
2017-05-19T00:00:00.000Z,389.875,392.4750061035156,386.3125,390.3125,355.9762268066406,2854136,HDFCBANK.NS
2017-05-22T00:00:00.000Z,391.2749938964844,395.0,390.7749938964844,394.0,359.3393859863281,2860052,HDFCBANK.NS
2017-05-23T00:00:00.000Z,395.0,395.88751220703125,391.25,392.2749938964844,357.76611328125,3080172,HDFCBANK.NS
2017-05-24T00:00:00.000Z,392.26251220703125,393.86248779296875,390.5,391.6875,357.23028564453125,3467388,HDFCBANK.NS
2017-05-25T00:00:00.000Z,391.7749938964844,407.3500061035156,391.7749938964844,404.2875061035156,368.7218933105469,20090804,HDFCBANK.NS
2017-05-26T00:00:00.000Z,401.6625061035156,408.0,400.2749938964844,406.5,370.7397155761719,5443156,HDFCBANK.NS
2017-05-29T00:00:00.000Z,404.95001220703125,412.0,404.4125061035156,407.9750061035156,372.0849609375,5916340,HDFCBANK.NS
2017-05-30T00:00:00.000Z,407.5,408.375,404.0375061035156,407.26251220703125,371.4351501464844,4434184,HDFCBANK.NS
2017-05-31T00:00:00.000Z,406.25,410.75,405.7875061035156,409.04998779296875,373.06536865234375,5318912,HDFCBANK.NS
2017-06-01T00:00:00.000Z,409.75,409.9624938964844,405.13751220703125,407.1499938964844,371.3325500488281,3359540,HDFCBANK.NS
2017-06-02T00:00:00.000Z,408.5,411.5249938964844,406.54998779296875,408.5625,372.62078857421875,3213544,HDFCBANK.NS
2017-06-05T00:00:00.000Z,408.42498779296875,409.73748779296875,406.25,408.88751220703125,372.9171447753906,2899900,HDFCBANK.NS
2017-06-06T00:00:00.000Z,408.75,410.95001220703125,407.5,409.73748779296875,373.69244384765625,5002632,HDFCBANK.NS
2017-06-07T00:00:00.000Z,410.1000061035156,411.2250061035156,407.5874938964844,410.20001220703125,374.1142883300781,2554276,HDFCBANK.NS
2017-06-08T00:00:00.000Z,410.9750061035156,414.8500061035156,410.4125061035156,411.1875,375.014892578125,4248768,HDFCBANK.NS
2017-06-09T00:00:00.000Z,410.0249938964844,417.5,410.0249938964844,416.70001220703125,380.0424499511719,5305272,HDFCBANK.NS
2017-06-12T00:00:00.000Z,416.0,419.0,415.0,417.1875,380.4870300292969,3971412,HDFCBANK.NS
2017-06-13T00:00:00.000Z,415.4375,422.9750061035156,415.25,419.17498779296875,382.2997131347656,5051620,HDFCBANK.NS
2017-06-14T00:00:00.000Z,418.75,419.98748779296875,416.75,417.79998779296875,381.0456237792969,3858360,HDFCBANK.NS
2017-06-15T00:00:00.000Z,417.0,418.8999938964844,413.3999938964844,416.0874938964844,379.4837951660156,3526692,HDFCBANK.NS
2017-06-16T00:00:00.000Z,416.25,418.67498779296875,414.5249938964844,417.3125,380.6010437011719,3755104,HDFCBANK.NS
2017-06-19T00:00:00.000Z,417.75,424.0,417.1000061035156,423.2250061035156,385.993408203125,3825532,HDFCBANK.NS
2017-06-20T00:00:00.000Z,422.5,423.5,419.9624938964844,421.63751220703125,384.54559326171875,3660264,HDFCBANK.NS
2017-06-21T00:00:00.000Z,420.6499938964844,425.3125,419.8999938964844,424.67498779296875,387.3158874511719,3410932,HDFCBANK.NS
2017-06-22T00:00:00.000Z,423.73748779296875,429.0,422.79998779296875,424.5,387.15625,6675460,HDFCBANK.NS
2017-06-23T00:00:00.000Z,425.5,425.6875,418.79998779296875,419.6625061035156,382.7442932128906,5217468,HDFCBANK.NS
2017-06-27T00:00:00.000Z,422.25,423.75,414.0625,416.9125061035156,380.2362060546875,6000432,HDFCBANK.NS
2017-06-28T00:00:00.000Z,416.25,418.75,414.45001220703125,416.61248779296875,379.9626159667969,4449036,HDFCBANK.NS
2017-06-29T00:00:00.000Z,416.75,420.4750061035156,412.7749938964844,415.76251220703125,381.7070617675781,9187708,HDFCBANK.NS
2017-06-30T00:00:00.000Z,413.45001220703125,415.0,410.75,413.01251220703125,379.1822509765625,4330432,HDFCBANK.NS
2017-07-03T00:00:00.000Z,413.1499938964844,416.875,411.8125,414.6499938964844,380.68560791015625,3504332,HDFCBANK.NS
2017-07-04T00:00:00.000Z,415.0625,416.67498779296875,413.0,413.3374938964844,379.48065185546875,3766080,HDFCBANK.NS
2017-07-05T00:00:00.000Z,413.2749938964844,414.875,411.25,412.1875,378.42486572265625,4014200,HDFCBANK.NS
2017-07-06T00:00:00.000Z,413.13751220703125,415.75,412.8374938964844,414.5375061035156,380.5823059082031,4571676,HDFCBANK.NS
2017-07-07T00:00:00.000Z,415.2124938964844,417.3999938964844,414.5,416.79998779296875,382.65948486328125,5517396,HDFCBANK.NS
2017-07-10T00:00:00.000Z,417.0,437.0,415.26251220703125,419.0874938964844,384.7596130371094,1309252,HDFCBANK.NS
2017-07-11T00:00:00.000Z,419.38751220703125,422.70001220703125,416.7749938964844,420.1000061035156,385.6892395019531,4410280,HDFCBANK.NS
2017-07-12T00:00:00.000Z,420.0,421.25,414.63751220703125,420.3125,385.88427734375,5738892,HDFCBANK.NS
2017-07-13T00:00:00.000Z,422.0,423.32501220703125,419.9125061035156,420.88751220703125,386.4122009277344,4481004,HDFCBANK.NS
2017-07-14T00:00:00.000Z,420.9750061035156,421.51251220703125,418.0,419.98748779296875,385.5859069824219,2443252,HDFCBANK.NS
2017-07-17T00:00:00.000Z,420.63751220703125,421.9125061035156,419.25,420.5874938964844,386.13677978515625,2399340,HDFCBANK.NS
2017-07-18T00:00:00.000Z,419.92498779296875,421.9624938964844,419.3374938964844,420.88751220703125,386.4122009277344,2322188,HDFCBANK.NS
2017-07-19T00:00:00.000Z,421.25,424.04998779296875,420.4624938964844,423.07501220703125,388.4205322265625,3987244,HDFCBANK.NS
2017-07-20T00:00:00.000Z,423.4750061035156,428.75,422.0375061035156,427.7250061035156,392.68963623046875,3698476,HDFCBANK.NS
2017-07-21T00:00:00.000Z,428.5249938964844,428.8125,425.0,425.76251220703125,390.88787841796875,3873508,HDFCBANK.NS
2017-07-24T00:00:00.000Z,427.5,435.0,423.75,433.7749938964844,398.2440490722656,19678176,HDFCBANK.NS
2017-07-25T00:00:00.000Z,439.75,439.75,433.26251220703125,434.9125061035156,399.28839111328125,11160468,HDFCBANK.NS
2017-07-26T00:00:00.000Z,435.5,438.75,433.125,436.88751220703125,401.10162353515625,3895344,HDFCBANK.NS
2017-07-27T00:00:00.000Z,439.0,449.70001220703125,437.88751220703125,447.4125061035156,410.7645568847656,17961712,HDFCBANK.NS
2017-07-28T00:00:00.000Z,443.0,446.625,440.2749938964844,444.625,408.2052917480469,9255396,HDFCBANK.NS
2017-07-31T00:00:00.000Z,444.38751220703125,447.75,441.63751220703125,446.1000061035156,409.5595397949219,7369140,HDFCBANK.NS
2017-08-01T00:00:00.000Z,445.4624938964844,452.2875061035156,443.04998779296875,449.29998779296875,412.49737548828125,8516860,HDFCBANK.NS
2017-08-02T00:00:00.000Z,451.75,451.75,445.51251220703125,447.9125061035156,411.2235412597656,7397916,HDFCBANK.NS
2017-08-03T00:00:00.000Z,447.0,448.0,443.6000061035156,444.98748779296875,408.53814697265625,4256784,HDFCBANK.NS
2017-08-04T00:00:00.000Z,444.25,449.1875,441.5375061035156,447.5625,410.9022216796875,3545068,HDFCBANK.NS
2017-08-07T00:00:00.000Z,446.5,449.11248779296875,446.25,447.13751220703125,410.5120544433594,1918660,HDFCBANK.NS
2017-08-08T00:00:00.000Z,448.0249938964844,449.3125,441.5249938964844,444.4750061035156,408.067626953125,4035372,HDFCBANK.NS
2017-08-09T00:00:00.000Z,442.75,444.26251220703125,439.5874938964844,441.11248779296875,404.98052978515625,3270056,HDFCBANK.NS
2017-08-10T00:00:00.000Z,440.0,441.5,438.2124938964844,440.11248779296875,404.06243896484375,7788444,HDFCBANK.NS
2017-08-11T00:00:00.000Z,436.25,439.5,432.7875061035156,437.26251220703125,401.4459228515625,6359836,HDFCBANK.NS
2017-08-14T00:00:00.000Z,438.25,443.73748779296875,437.0,439.29998779296875,403.3165283203125,3577084,HDFCBANK.NS
2017-08-16T00:00:00.000Z,440.5874938964844,447.45001220703125,437.13751220703125,445.3125,408.8365783691406,4426832,HDFCBANK.NS
2017-08-17T00:00:00.000Z,444.0625,445.23748779296875,438.4375,441.3500061035156,405.19854736328125,5454868,HDFCBANK.NS
2017-08-18T00:00:00.000Z,440.0,440.25,435.75,438.0375061035156,402.1574401855469,3707464,HDFCBANK.NS
2017-08-21T00:00:00.000Z,438.5,439.75,434.54998779296875,435.79998779296875,400.10321044921875,4009724,HDFCBANK.NS
2017-08-22T00:00:00.000Z,437.82501220703125,438.5,434.20001220703125,436.75,400.9754333496094,6609556,HDFCBANK.NS
2017-08-23T00:00:00.000Z,437.5,444.48748779296875,437.5,443.11248779296875,406.8167419433594,3360524,HDFCBANK.NS
2017-08-24T00:00:00.000Z,443.7250061035156,443.73748779296875,439.7875061035156,440.625,404.5329895019531,7878276,HDFCBANK.NS
2017-08-28T00:00:00.000Z,440.6000061035156,442.7875061035156,439.5874938964844,440.5625,404.4756164550781,1507784,HDFCBANK.NS
2017-08-29T00:00:00.000Z,439.75,439.75,434.5,436.5375061035156,400.7802734375,4918596,HDFCBANK.NS
2017-08-30T00:00:00.000Z,437.98748779296875,442.5,437.51251220703125,442.13751220703125,405.92156982421875,2694320,HDFCBANK.NS
2017-08-31T00:00:00.000Z,443.0,444.9624938964844,439.1000061035156,444.11248779296875,407.73486328125,7303436,HDFCBANK.NS
2017-09-01T00:00:00.000Z,445.25,445.36248779296875,440.2749938964844,441.8999938964844,405.7035217285156,2295172,HDFCBANK.NS
2017-09-04T00:00:00.000Z,441.25,441.25,436.5249938964844,437.7250061035156,401.8705749511719,3642524,HDFCBANK.NS
2017-09-05T00:00:00.000Z,439.25,441.2250061035156,437.75,438.8374938964844,402.891845703125,3682436,HDFCBANK.NS
2017-09-06T00:00:00.000Z,435.9375,440.70001220703125,434.5,439.9750061035156,403.9362487792969,5751632,HDFCBANK.NS
2017-09-07T00:00:00.000Z,440.0249938964844,444.1875,440.0249938964844,441.63751220703125,405.4625549316406,6946420,HDFCBANK.NS
2017-09-08T00:00:00.000Z,443.3500061035156,447.5,442.75,446.9125061035156,410.30548095703125,8311664,HDFCBANK.NS
2017-09-11T00:00:00.000Z,448.25,457.25,447.54998779296875,455.8374938964844,418.4994201660156,11477676,HDFCBANK.NS
2017-09-12T00:00:00.000Z,456.92498779296875,459.9750061035156,454.57501220703125,458.79998779296875,421.21923828125,6687680,HDFCBANK.NS
2017-09-13T00:00:00.000Z,458.75,462.25,456.0,460.4624938964844,422.74560546875,4995376,HDFCBANK.NS
2017-09-14T00:00:00.000Z,460.0375061035156,463.125,457.875,459.8500061035156,422.1832275390625,8154016,HDFCBANK.NS
2017-09-15T00:00:00.000Z,459.0,462.95001220703125,458.36248779296875,462.23748779296875,424.37518310546875,3767332,HDFCBANK.NS
2017-09-18T00:00:00.000Z,463.38751220703125,466.11248779296875,463.125,465.11248779296875,427.0146179199219,4084928,HDFCBANK.NS
2017-09-19T00:00:00.000Z,466.2250061035156,467.0,461.88751220703125,462.42498779296875,424.54730224609375,4241468,HDFCBANK.NS
2017-09-20T00:00:00.000Z,462.0,465.36248779296875,461.3125,462.2124938964844,424.3522644042969,3446128,HDFCBANK.NS
2017-09-21T00:00:00.000Z,462.0,462.125,457.67498779296875,459.7749938964844,422.1143798828125,7712496,HDFCBANK.NS
2017-09-22T00:00:00.000Z,458.70001220703125,459.73748779296875,455.0,456.0249938964844,418.67156982421875,8243524,HDFCBANK.NS
2017-09-25T00:00:00.000Z,455.61248779296875,455.61248779296875,448.1499938964844,449.9375,413.08270263671875,10149228,HDFCBANK.NS
2017-09-26T00:00:00.000Z,447.26251220703125,449.1499938964844,446.25,448.07501220703125,411.3727722167969,11438732,HDFCBANK.NS
2017-09-27T00:00:00.000Z,449.0,451.3999938964844,442.5,444.125,407.7462463378906,7337220,HDFCBANK.NS
2017-09-28T00:00:00.000Z,443.5,449.75,440.82501220703125,448.82501220703125,412.0613098144531,27646464,HDFCBANK.NS
2017-09-29T00:00:00.000Z,450.0249938964844,455.5,449.0625,451.42498779296875,414.44830322265625,6213632,HDFCBANK.NS
2017-10-03T00:00:00.000Z,452.0,455.25,449.2749938964844,452.2124938964844,415.17132568359375,4394424,HDFCBANK.NS
2017-10-04T00:00:00.000Z,451.9750061035156,452.9750061035156,448.3374938964844,449.25,412.4515075683594,6625104,HDFCBANK.NS
2017-10-05T00:00:00.000Z,448.75,451.25,448.2749938964844,449.6499938964844,412.8187561035156,3336196,HDFCBANK.NS
2017-10-06T00:00:00.000Z,449.5,451.11248779296875,448.5,450.0249938964844,413.1629943847656,3030660,HDFCBANK.NS
2017-10-09T00:00:00.000Z,449.70001220703125,450.75,447.625,448.875,412.1072692871094,3062492,HDFCBANK.NS
2017-10-10T00:00:00.000Z,449.75,453.73748779296875,448.1625061035156,450.67498779296875,413.7597351074219,3798180,HDFCBANK.NS
2017-10-11T00:00:00.000Z,450.8125,453.8125,446.8999938964844,447.5375061035156,410.8792724609375,5267440,HDFCBANK.NS
2017-10-12T00:00:00.000Z,448.7749938964844,455.36248779296875,447.0,454.70001220703125,417.4551086425781,5381560,HDFCBANK.NS
2017-10-13T00:00:00.000Z,456.67498779296875,464.13751220703125,455.5,462.70001220703125,424.7998046875,6433464,HDFCBANK.NS
2017-10-16T00:00:00.000Z,465.0,468.3125,460.5,464.2875061035156,426.25726318359375,3274544,HDFCBANK.NS
2017-10-17T00:00:00.000Z,462.5,463.42498779296875,459.7749938964844,462.8125,424.903076171875,2613288,HDFCBANK.NS
2017-10-18T00:00:00.000Z,460.25,468.75,459.75,467.125,428.8623352050781,3926720,HDFCBANK.NS
2017-10-19T00:00:00.000Z,465.45001220703125,466.25,460.1625061035156,462.1000061035156,424.24896240234375,570008,HDFCBANK.NS
2017-10-23T00:00:00.000Z,464.9750061035156,467.42498779296875,459.01251220703125,465.82501220703125,427.6687927246094,4162892,HDFCBANK.NS
2017-10-24T00:00:00.000Z,465.75,469.8999938964844,463.25,466.7749938964844,428.5409851074219,11328872,HDFCBANK.NS
2017-10-25T00:00:00.000Z,465.0,465.75,446.25,448.7749938964844,412.0154113769531,21367208,HDFCBANK.NS
2017-10-26T00:00:00.000Z,442.0,452.5,439.4624938964844,448.8374938964844,412.07275390625,28571464,HDFCBANK.NS
2017-10-27T00:00:00.000Z,451.1000061035156,451.875,444.75,447.76251220703125,411.0858154296875,7472088,HDFCBANK.NS
2017-10-30T00:00:00.000Z,449.5625,454.0,448.1000061035156,453.75,416.5829162597656,5422352,HDFCBANK.NS
2017-10-31T00:00:00.000Z,452.875,452.875,449.8125,452.125,415.0910339355469,4682460,HDFCBANK.NS
2017-11-01T00:00:00.000Z,453.7749938964844,456.25,453.0,455.29998779296875,418.00592041015625,4190612,HDFCBANK.NS
2017-11-02T00:00:00.000Z,455.75,457.45001220703125,454.23748779296875,455.5249938964844,418.2125244140625,4737944,HDFCBANK.NS
2017-11-03T00:00:00.000Z,456.42498779296875,460.0,455.3999938964844,457.67498779296875,420.18634033203125,3810488,HDFCBANK.NS
2017-11-06T00:00:00.000Z,456.25,460.0,455.6499938964844,457.1499938964844,419.7044372558594,6148244,HDFCBANK.NS
2017-11-07T00:00:00.000Z,459.5,461.23748779296875,455.1875,455.92498779296875,418.5796813964844,7446376,HDFCBANK.NS
2017-11-08T00:00:00.000Z,456.29998779296875,458.3999938964844,454.75,456.48748779296875,419.09613037109375,3283144,HDFCBANK.NS
2017-11-09T00:00:00.000Z,456.75,458.75,455.2749938964844,456.9624938964844,419.5323181152344,3113308,HDFCBANK.NS
2017-11-10T00:00:00.000Z,455.42498779296875,458.70001220703125,453.0874938964844,455.5,418.1895446777344,7744360,HDFCBANK.NS
2017-11-13T00:00:00.000Z,455.5,455.7875061035156,448.75,453.38751220703125,416.2501220703125,3335872,HDFCBANK.NS
2017-11-14T00:00:00.000Z,453.9750061035156,454.75,450.0,450.5874938964844,413.679443359375,4712468,HDFCBANK.NS
2017-11-15T00:00:00.000Z,449.5,450.9125061035156,447.0,450.0625,413.1974792480469,6148368,HDFCBANK.NS
2017-11-16T00:00:00.000Z,451.0,454.0,448.79998779296875,451.92498779296875,414.90740966796875,4012972,HDFCBANK.NS
2017-11-17T00:00:00.000Z,457.17498779296875,459.57501220703125,453.2875061035156,456.38751220703125,419.0044250488281,6358772,HDFCBANK.NS
2017-11-20T00:00:00.000Z,457.25,459.92498779296875,457.25,459.5375061035156,421.8963317871094,2392424,HDFCBANK.NS
2017-11-21T00:00:00.000Z,459.36248779296875,462.5,459.0249938964844,461.5625,423.7554931640625,2275532,HDFCBANK.NS
2017-11-22T00:00:00.000Z,462.42498779296875,465.0,461.13751220703125,463.8125,425.8211669921875,5660796,HDFCBANK.NS
2017-11-23T00:00:00.000Z,464.75,465.0,459.5,460.7124938964844,422.97509765625,3232580,HDFCBANK.NS
2017-11-24T00:00:00.000Z,460.75,464.45001220703125,460.25,462.8500061035156,424.9375,5203684,HDFCBANK.NS
2017-11-27T00:00:00.000Z,462.25,465.5,461.3999938964844,464.38751220703125,426.3490905761719,3870472,HDFCBANK.NS
2017-11-28T00:00:00.000Z,464.0,467.75,463.9624938964844,466.3374938964844,428.13934326171875,5090540,HDFCBANK.NS
2017-11-29T00:00:00.000Z,466.25,468.875,463.95001220703125,468.32501220703125,429.96405029296875,3274584,HDFCBANK.NS
2017-11-30T00:00:00.000Z,467.17498779296875,468.48748779296875,460.0,463.42498779296875,425.4654235839844,5796312,HDFCBANK.NS
2017-12-01T00:00:00.000Z,463.7250061035156,465.0,461.0249938964844,462.04998779296875,424.2030334472656,3858148,HDFCBANK.NS
2017-12-04T00:00:00.000Z,463.7250061035156,463.7250061035156,457.5249938964844,458.5249938964844,420.966796875,3641932,HDFCBANK.NS
2017-12-05T00:00:00.000Z,456.5,457.13751220703125,451.75,455.11248779296875,417.83380126953125,3893360,HDFCBANK.NS
2017-12-06T00:00:00.000Z,454.98748779296875,455.3374938964844,449.75,450.82501220703125,413.8974914550781,6395120,HDFCBANK.NS
2017-12-07T00:00:00.000Z,451.6625061035156,454.1499938964844,450.7749938964844,452.4125061035156,415.35491943359375,4231304,HDFCBANK.NS
2017-12-08T00:00:00.000Z,453.5,463.25,453.5,460.1000061035156,422.4128112792969,8956400,HDFCBANK.NS
2017-12-11T00:00:00.000Z,462.0,462.9375,460.0,461.6000061035156,423.7899169921875,3198232,HDFCBANK.NS
2017-12-12T00:00:00.000Z,462.2749938964844,462.4750061035156,453.98748779296875,454.9750061035156,417.70751953125,2410588,HDFCBANK.NS
2017-12-13T00:00:00.000Z,455.01251220703125,461.25,453.7749938964844,455.3374938964844,418.04034423828125,2907460,HDFCBANK.NS
2017-12-14T00:00:00.000Z,456.0,460.0,453.0,459.51251220703125,421.8734130859375,3683092,HDFCBANK.NS
2017-12-15T00:00:00.000Z,464.0,472.0,463.875,468.36248779296875,429.9985046386719,12450124,HDFCBANK.NS
2017-12-18T00:00:00.000Z,463.75,474.75,452.32501220703125,469.73748779296875,431.2608337402344,12297988,HDFCBANK.NS
2017-12-19T00:00:00.000Z,469.95001220703125,473.4125061035156,469.0375061035156,471.125,432.53466796875,4952112,HDFCBANK.NS
2017-12-20T00:00:00.000Z,474.7250061035156,475.7749938964844,465.9125061035156,467.0375061035156,428.781982421875,9343504,HDFCBANK.NS
2017-12-21T00:00:00.000Z,469.9750061035156,471.25,466.29998779296875,467.07501220703125,428.8164367675781,6854544,HDFCBANK.NS
2017-12-22T00:00:00.000Z,469.75,470.0,465.4375,469.1625061035156,430.7329406738281,4470904,HDFCBANK.NS
2017-12-26T00:00:00.000Z,470.25,470.70001220703125,464.17498779296875,467.0874938964844,428.8279113769531,6785696,HDFCBANK.NS
2017-12-27T00:00:00.000Z,467.5249938964844,467.57501220703125,462.7875061035156,464.1875,426.1654357910156,3489384,HDFCBANK.NS
2017-12-28T00:00:00.000Z,464.7250061035156,470.2250061035156,464.5,469.51251220703125,431.0542907714844,8700520,HDFCBANK.NS
2017-12-29T00:00:00.000Z,469.20001220703125,469.79998779296875,467.0375061035156,468.1000061035156,429.7574768066406,6345872,HDFCBANK.NS
2018-01-01T00:00:00.000Z,468.17498779296875,470.1875,462.625,463.625,425.6490173339844,6580516,HDFCBANK.NS
2018-01-02T00:00:00.000Z,464.63751220703125,468.75,464.63751220703125,468.0874938964844,429.7459716796875,4776316,HDFCBANK.NS
2018-01-03T00:00:00.000Z,468.75,469.5625,462.79998779296875,463.1625061035156,425.2244567871094,4531288,HDFCBANK.NS
2018-01-04T00:00:00.000Z,463.25,466.375,463.25,464.9750061035156,426.888427734375,2373776,HDFCBANK.NS
2018-01-05T00:00:00.000Z,465.75,467.01251220703125,463.88751220703125,465.8999938964844,427.7376708984375,2870868,HDFCBANK.NS
2018-01-08T00:00:00.000Z,466.25,467.67498779296875,464.4375,465.1499938964844,427.04913330078125,4570308,HDFCBANK.NS
2018-01-09T00:00:00.000Z,465.5,467.4624938964844,463.75,465.92498779296875,427.7606506347656,5305528,HDFCBANK.NS
2018-01-10T00:00:00.000Z,466.29998779296875,466.9750061035156,464.32501220703125,466.04998779296875,427.8753662109375,4615888,HDFCBANK.NS
2018-01-11T00:00:00.000Z,466.04998779296875,469.0,464.0625,468.13751220703125,429.7919006347656,4059096,HDFCBANK.NS
2018-01-12T00:00:00.000Z,468.25,469.5375061035156,465.0,466.32501220703125,428.12786865234375,4336708,HDFCBANK.NS
2018-01-15T00:00:00.000Z,467.48748779296875,476.1000061035156,464.9624938964844,474.4375,435.57586669921875,12576444,HDFCBANK.NS
2018-01-16T00:00:00.000Z,475.86248779296875,477.5,471.3125,475.0375061035156,436.1267395019531,6445384,HDFCBANK.NS
2018-01-17T00:00:00.000Z,474.25,475.63751220703125,471.75,472.625,433.91180419921875,2905496,HDFCBANK.NS
2018-01-18T00:00:00.000Z,481.0,488.5,479.51251220703125,483.57501220703125,443.9648742675781,16649540,HDFCBANK.NS
2018-01-19T00:00:00.000Z,483.7875061035156,489.9750061035156,479.8125,488.04998779296875,448.07330322265625,11455988,HDFCBANK.NS
2018-01-22T00:00:00.000Z,490.0,497.0,488.2875061035156,490.8374938964844,450.6325378417969,8849768,HDFCBANK.NS
2018-01-23T00:00:00.000Z,491.25,491.67498779296875,485.82501220703125,487.82501220703125,447.8667907714844,5047796,HDFCBANK.NS
2018-01-24T00:00:00.000Z,488.13751220703125,492.25,487.6499938964844,489.4125061035156,449.3242492675781,4790568,HDFCBANK.NS
2018-01-25T00:00:00.000Z,488.4750061035156,495.0,487.625,493.73748779296875,453.294921875,8723668,HDFCBANK.NS
2018-01-29T00:00:00.000Z,494.5,501.73748779296875,494.5,499.9125061035156,458.9642028808594,8235892,HDFCBANK.NS
2018-01-30T00:00:00.000Z,499.45001220703125,500.4750061035156,496.0375061035156,498.875,458.0116271972656,6397560,HDFCBANK.NS
2018-01-31T00:00:00.000Z,497.3500061035156,503.375,496.75,501.42498779296875,460.35272216796875,6943348,HDFCBANK.NS
2018-02-01T00:00:00.000Z,501.5,503.75,496.32501220703125,497.7875061035156,457.01324462890625,6521420,HDFCBANK.NS
2018-02-02T00:00:00.000Z,496.5,497.4750061035156,485.375,487.0,447.109375,7346124,HDFCBANK.NS
2018-02-05T00:00:00.000Z,479.5,483.8125,476.4624938964844,478.4624938964844,439.27117919921875,7926784,HDFCBANK.NS
2018-02-06T00:00:00.000Z,465.0,478.0,459.07501220703125,474.20001220703125,435.3578186035156,10749804,HDFCBANK.NS
2018-02-07T00:00:00.000Z,476.75,476.75,465.6000061035156,468.20001220703125,429.8492736816406,8364972,HDFCBANK.NS
2018-02-08T00:00:00.000Z,471.0,474.6499938964844,466.625,470.23748779296875,431.71990966796875,5171444,HDFCBANK.NS
2018-02-09T00:00:00.000Z,461.9750061035156,466.17498779296875,461.0249938964844,462.375,424.5013732910156,6408952,HDFCBANK.NS
2018-02-12T00:00:00.000Z,465.0,471.5,463.7875061035156,469.1625061035156,430.7329406738281,4381108,HDFCBANK.NS
2018-02-14T00:00:00.000Z,472.45001220703125,474.4750061035156,468.6625061035156,470.7875061035156,432.2248840332031,3577188,HDFCBANK.NS
2018-02-15T00:00:00.000Z,472.42498779296875,473.6875,468.75,470.4750061035156,431.93792724609375,4915224,HDFCBANK.NS
2018-02-16T00:00:00.000Z,470.9750061035156,473.7124938964844,468.9125061035156,469.6499938964844,431.1805114746094,3583520,HDFCBANK.NS
2018-02-19T00:00:00.000Z,470.6499938964844,471.8999938964844,464.76251220703125,469.54998779296875,431.0886535644531,3654552,HDFCBANK.NS
2018-02-20T00:00:00.000Z,471.1875,471.4624938964844,464.70001220703125,465.79998779296875,427.6458435058594,4084068,HDFCBANK.NS
2018-02-21T00:00:00.000Z,466.98748779296875,467.13751220703125,463.04998779296875,464.3500061035156,426.31463623046875,2753072,HDFCBANK.NS
2018-02-22T00:00:00.000Z,462.5,465.0,460.38751220703125,463.29998779296875,425.3506774902344,13253596,HDFCBANK.NS
2018-02-23T00:00:00.000Z,464.2250061035156,471.2124938964844,462.6000061035156,470.13751220703125,431.6280822753906,4076748,HDFCBANK.NS
2018-02-26T00:00:00.000Z,472.0249938964844,478.70001220703125,470.88751220703125,477.88751220703125,438.7431945800781,4788884,HDFCBANK.NS
2018-02-27T00:00:00.000Z,478.6875,480.4375,475.0,475.63751220703125,436.6775207519531,4787328,HDFCBANK.NS
2018-02-28T00:00:00.000Z,472.38751220703125,473.86248779296875,469.5,471.04998779296875,432.4658508300781,4066364,HDFCBANK.NS
2018-03-01T00:00:00.000Z,469.82501220703125,473.32501220703125,467.0,468.5874938964844,430.20501708984375,3909840,HDFCBANK.NS
2018-03-05T00:00:00.000Z,468.5375061035156,469.5,464.5625,467.48748779296875,429.1951599121094,3781464,HDFCBANK.NS
2018-03-06T00:00:00.000Z,467.5,469.9750061035156,459.875,461.5625,423.7554931640625,4576828,HDFCBANK.NS
2018-03-07T00:00:00.000Z,460.0,463.3500061035156,457.125,458.1499938964844,420.6224670410156,5628164,HDFCBANK.NS
2018-03-08T00:00:00.000Z,459.95001220703125,464.625,458.0,463.2124938964844,425.27032470703125,5518724,HDFCBANK.NS
2018-03-09T00:00:00.000Z,463.73748779296875,466.3125,461.0,462.76251220703125,424.857177734375,4108108,HDFCBANK.NS
2018-03-12T00:00:00.000Z,465.04998779296875,467.36248779296875,463.3500061035156,466.8125,428.5754089355469,6557116,HDFCBANK.NS
2018-03-13T00:00:00.000Z,466.86248779296875,471.1875,463.75,465.0625,426.9687194824219,5124200,HDFCBANK.NS
2018-03-14T00:00:00.000Z,464.0,466.9750061035156,462.0,466.125,427.9442138671875,3680392,HDFCBANK.NS
2018-03-15T00:00:00.000Z,466.29998779296875,471.875,466.29998779296875,470.20001220703125,431.6854553222656,5870924,HDFCBANK.NS
2018-03-16T00:00:00.000Z,470.0,470.2749938964844,461.63751220703125,463.25,425.3047180175781,7896336,HDFCBANK.NS
2018-03-19T00:00:00.000Z,463.25,465.0,460.7875061035156,461.8125,423.9850158691406,7838740,HDFCBANK.NS
2018-03-20T00:00:00.000Z,461.2749938964844,463.9750061035156,458.8125,459.875,422.2062072753906,3657372,HDFCBANK.NS
2018-03-21T00:00:00.000Z,462.0,465.79998779296875,460.82501220703125,464.7250061035156,426.6589660644531,5921140,HDFCBANK.NS
2018-03-22T00:00:00.000Z,464.7250061035156,470.0,463.7749938964844,466.9375,428.6902160644531,6673224,HDFCBANK.NS
2018-03-23T00:00:00.000Z,461.6625061035156,463.2749938964844,459.3125,460.38751220703125,422.6767272949219,7190152,HDFCBANK.NS
2018-03-26T00:00:00.000Z,459.9750061035156,475.0,458.375,473.36248779296875,434.58892822265625,10501768,HDFCBANK.NS
2018-03-27T00:00:00.000Z,473.45001220703125,474.75,469.0,473.1499938964844,434.39385986328125,6136836,HDFCBANK.NS
2018-03-28T00:00:00.000Z,470.73748779296875,474.92498779296875,469.01251220703125,471.5249938964844,432.90191650390625,8837508,HDFCBANK.NS
2018-04-02T00:00:00.000Z,472.625,483.9375,472.625,482.79998779296875,443.25335693359375,4596368,HDFCBANK.NS
2018-04-03T00:00:00.000Z,480.98748779296875,481.42498779296875,477.75,478.9750061035156,439.7417297363281,4079884,HDFCBANK.NS
2018-04-04T00:00:00.000Z,478.23748779296875,481.23748779296875,469.61248779296875,470.8125,432.247802734375,3714108,HDFCBANK.NS
2018-04-05T00:00:00.000Z,475.32501220703125,478.5,472.54998779296875,477.2250061035156,438.13507080078125,4858892,HDFCBANK.NS
2018-04-06T00:00:00.000Z,478.04998779296875,481.61248779296875,476.45001220703125,480.8500061035156,441.46307373046875,3720008,HDFCBANK.NS
2018-04-09T00:00:00.000Z,479.70001220703125,485.5,479.1000061035156,484.76251220703125,445.05517578125,4003536,HDFCBANK.NS
2018-04-10T00:00:00.000Z,485.75,485.75,478.375,480.2124938964844,440.8778381347656,6067236,HDFCBANK.NS
2018-04-11T00:00:00.000Z,478.9750061035156,480.0,476.3500061035156,479.7124938964844,440.41876220703125,2870812,HDFCBANK.NS
2018-04-12T00:00:00.000Z,479.0,483.2250061035156,476.4750061035156,482.20001220703125,442.7025451660156,4712516,HDFCBANK.NS
2018-04-13T00:00:00.000Z,482.0,485.0,479.7749938964844,481.25,441.8303527832031,3297172,HDFCBANK.NS
2018-04-16T00:00:00.000Z,480.0,487.5,479.9624938964844,485.5249938964844,445.75518798828125,2847744,HDFCBANK.NS
2018-04-17T00:00:00.000Z,485.875,487.75,483.5249938964844,487.125,447.22412109375,2667832,HDFCBANK.NS
2018-04-18T00:00:00.000Z,487.75,488.375,482.51251220703125,483.1499938964844,443.5746765136719,2712720,HDFCBANK.NS
2018-04-19T00:00:00.000Z,485.0,486.20001220703125,483.25,484.75,445.04364013671875,3169032,HDFCBANK.NS
2018-04-20T00:00:00.000Z,485.25,490.25,483.0375061035156,488.9750061035156,448.9225769042969,9361380,HDFCBANK.NS
2018-04-23T00:00:00.000Z,494.75,494.75,465.07501220703125,483.9375,444.2976989746094,15304620,HDFCBANK.NS
2018-04-24T00:00:00.000Z,483.75,487.01251220703125,481.5,483.75,444.1255798339844,5037416,HDFCBANK.NS
2018-04-25T00:00:00.000Z,481.9750061035156,484.5,478.0,480.1875,440.85491943359375,4020592,HDFCBANK.NS
2018-04-26T00:00:00.000Z,479.20001220703125,484.79998779296875,477.8125,482.5625,443.03533935546875,7847480,HDFCBANK.NS
2018-04-27T00:00:00.000Z,483.25,483.875,478.125,480.8500061035156,441.46307373046875,5777008,HDFCBANK.NS
2018-04-30T00:00:00.000Z,482.5,488.70001220703125,482.20001220703125,486.07501220703125,446.2601318359375,4609552,HDFCBANK.NS
2018-05-02T00:00:00.000Z,487.5,494.5,486.5,492.375,452.0440673828125,7100048,HDFCBANK.NS
2018-05-03T00:00:00.000Z,492.01251220703125,493.7250061035156,486.5,491.9750061035156,451.6768493652344,4152772,HDFCBANK.NS
2018-05-04T00:00:00.000Z,492.5,497.5,491.57501220703125,497.125,456.40496826171875,6881436,HDFCBANK.NS
2018-05-07T00:00:00.000Z,495.4125061035156,496.82501220703125,493.75,494.3500061035156,453.85736083984375,5264128,HDFCBANK.NS
2018-05-08T00:00:00.000Z,494.8125,494.9750061035156,488.6499938964844,491.76251220703125,451.4817810058594,7100564,HDFCBANK.NS
2018-05-09T00:00:00.000Z,489.0375061035156,495.125,489.0375061035156,494.6000061035156,454.0868225097656,4327332,HDFCBANK.NS
2018-05-10T00:00:00.000Z,497.1499938964844,499.75,495.5,498.17498779296875,457.3689880371094,7171672,HDFCBANK.NS
2018-05-11T00:00:00.000Z,498.17498779296875,504.25,496.5,502.9375,461.7413635253906,6057068,HDFCBANK.NS
2018-05-14T00:00:00.000Z,504.29998779296875,506.8500061035156,503.1000061035156,505.4375,464.0365905761719,4742916,HDFCBANK.NS
2018-05-15T00:00:00.000Z,506.76251220703125,516.25,506.67498779296875,509.45001220703125,467.720458984375,9826684,HDFCBANK.NS
2018-05-16T00:00:00.000Z,507.63751220703125,512.25,504.2875061035156,505.8374938964844,464.40386962890625,6841604,HDFCBANK.NS
2018-05-17T00:00:00.000Z,505.9624938964844,511.11248779296875,503.125,506.9375,465.41375732421875,6615476,HDFCBANK.NS
2018-05-18T00:00:00.000Z,506.17498779296875,506.17498779296875,500.875,503.0375061035156,461.8332214355469,5217460,HDFCBANK.NS
2018-05-21T00:00:00.000Z,504.0249938964844,505.25,496.51251220703125,498.26251220703125,457.4493408203125,4848108,HDFCBANK.NS
2018-05-22T00:00:00.000Z,499.67498779296875,503.48748779296875,496.375,497.4750061035156,456.72637939453125,3960372,HDFCBANK.NS
2018-05-23T00:00:00.000Z,496.95001220703125,498.5,490.8500061035156,491.875,451.58502197265625,5726292,HDFCBANK.NS
2018-05-24T00:00:00.000Z,491.7749938964844,497.5625,489.0874938964844,496.5,455.83123779296875,4520744,HDFCBANK.NS
2018-05-25T00:00:00.000Z,497.5,504.0,497.4750061035156,502.17498779296875,461.0413513183594,4759588,HDFCBANK.NS
2018-05-28T00:00:00.000Z,501.95001220703125,513.0,501.5,510.54998779296875,468.73040771484375,5103940,HDFCBANK.NS
2018-05-29T00:00:00.000Z,509.5,513.1749877929688,507.20001220703125,508.1499938964844,466.52691650390625,3351244,HDFCBANK.NS
2018-05-30T00:00:00.000Z,504.92498779296875,513.25,504.07501220703125,512.0875244140625,470.1419372558594,4866996,HDFCBANK.NS
2018-05-31T00:00:00.000Z,525.0,540.0,520.0,534.8624877929688,494.187744140625,39639192,HDFCBANK.NS
2018-06-01T00:00:00.000Z,529.0,534.5,525.25,527.6500244140625,487.5238342285156,21151356,HDFCBANK.NS
2018-06-04T00:00:00.000Z,537.5,539.25,509.48748779296875,511.54998779296875,472.64813232421875,88796324,HDFCBANK.NS
2018-06-05T00:00:00.000Z,512.5,516.7374877929688,505.75,515.9000244140625,476.6673583984375,17105460,HDFCBANK.NS
2018-06-06T00:00:00.000Z,515.0499877929688,516.2000122070312,511.25,514.3375244140625,475.2236633300781,9782000,HDFCBANK.NS
2018-06-07T00:00:00.000Z,518.2999877929688,519.9500122070312,513.2999877929688,515.5499877929688,476.3439636230469,10563896,HDFCBANK.NS
2018-06-08T00:00:00.000Z,514.75,515.3125,508.75,512.3375244140625,473.3757629394531,6180888,HDFCBANK.NS
2018-06-11T00:00:00.000Z,512.9749755859375,515.7374877929688,509.70001220703125,510.57501220703125,471.7472839355469,7091188,HDFCBANK.NS
2018-06-12T00:00:00.000Z,512.9749755859375,513.1749877929688,509.6000061035156,510.9624938964844,472.1053161621094,5234256,HDFCBANK.NS
2018-06-13T00:00:00.000Z,513.0,513.7000122070312,506.0249938964844,507.86248779296875,469.2410888671875,7897960,HDFCBANK.NS
2018-06-14T00:00:00.000Z,507.5,511.25,506.25,509.3500061035156,470.615478515625,16927576,HDFCBANK.NS
2018-06-15T00:00:00.000Z,506.5,509.7250061035156,505.57501220703125,507.3999938964844,468.8137512207031,10880816,HDFCBANK.NS
2018-06-18T00:00:00.000Z,507.5249938964844,509.70001220703125,502.2749938964844,504.7875061035156,466.3999328613281,7487404,HDFCBANK.NS
2018-06-19T00:00:00.000Z,506.23748779296875,510.17498779296875,504.82501220703125,505.875,467.4047546386719,10981152,HDFCBANK.NS
2018-06-20T00:00:00.000Z,506.5,514.5,506.25,514.0374755859375,474.94647216796875,9051712,HDFCBANK.NS
2018-06-21T00:00:00.000Z,515.0,517.7000122070312,511.76251220703125,514.4000244140625,475.28143310546875,13510704,HDFCBANK.NS
2018-06-22T00:00:00.000Z,514.2374877929688,522.2000122070312,512.4625244140625,520.8375244140625,481.2293395996094,7848980,HDFCBANK.NS
2018-06-25T00:00:00.000Z,520.7625122070312,524.4500122070312,518.2625122070312,523.7374877929688,483.90887451171875,6992336,HDFCBANK.NS
2018-06-26T00:00:00.000Z,521.5125122070312,525.75,519.9625244140625,523.4249877929688,483.6201171875,9161932,HDFCBANK.NS
2018-06-27T00:00:00.000Z,523.25,529.875,522.5,528.1500244140625,487.9858093261719,19126804,HDFCBANK.NS
2018-06-28T00:00:00.000Z,528.75,535.0,527.7999877929688,532.7125244140625,492.20135498046875,37533540,HDFCBANK.NS
2018-06-29T00:00:00.000Z,530.4249877929688,535.0,526.2750244140625,527.1124877929688,487.02716064453125,19458120,HDFCBANK.NS
2018-07-02T00:00:00.000Z,527.0875244140625,527.0999755859375,515.8125,518.3125,478.8963623046875,9864876,HDFCBANK.NS
2018-07-03T00:00:00.000Z,518.3125,521.25,516.4000244140625,517.5499877929688,478.19183349609375,6863100,HDFCBANK.NS
2018-07-04T00:00:00.000Z,519.0625,527.0125122070312,517.25,525.8875122070312,485.89532470703125,6097992,HDFCBANK.NS
2018-07-05T00:00:00.000Z,526.25,532.25,523.1375122070312,530.9375,490.5613098144531,9735968,HDFCBANK.NS
2018-07-06T00:00:00.000Z,528.3250122070312,533.8875122070312,527.8375244140625,528.7874755859375,488.5747985839844,8121344,HDFCBANK.NS
2018-07-09T00:00:00.000Z,530.4625244140625,532.5,526.9375,531.4124755859375,491.0000915527344,6182296,HDFCBANK.NS
2018-07-10T00:00:00.000Z,532.4749755859375,537.4000244140625,531.25,536.5999755859375,495.7931823730469,10950736,HDFCBANK.NS
2018-07-11T00:00:00.000Z,536.2625122070312,538.9249877929688,533.7000122070312,537.0625,496.220458984375,5857920,HDFCBANK.NS
2018-07-12T00:00:00.000Z,538.2249755859375,544.9625244140625,538.0,541.4874877929688,500.3089904785156,8020668,HDFCBANK.NS
2018-07-13T00:00:00.000Z,542.0999755859375,547.7000122070312,540.7750244140625,545.2249755859375,503.7621765136719,7161188,HDFCBANK.NS
2018-07-16T00:00:00.000Z,544.8499755859375,547.5125122070312,540.9375,542.2125244140625,500.9788818359375,9017336,HDFCBANK.NS
2018-07-17T00:00:00.000Z,540.8125,545.25,540.8125,544.1875,502.8036804199219,6361924,HDFCBANK.NS
2018-07-18T00:00:00.000Z,546.75,555.0,543.4124755859375,544.0499877929688,502.6766052246094,17460272,HDFCBANK.NS
2018-07-19T00:00:00.000Z,545.75,548.375,542.75,546.5250244140625,504.9634704589844,5304776,HDFCBANK.NS
2018-07-20T00:00:00.000Z,546.5250244140625,550.7125244140625,542.7750244140625,547.2625122070312,505.6448669433594,10006964,HDFCBANK.NS
2018-07-23T00:00:00.000Z,537.5,544.5,534.5125122070312,539.1124877929688,498.11456298828125,16880132,HDFCBANK.NS
2018-07-24T00:00:00.000Z,536.75,542.25,536.75,539.9375,498.8768615722656,5208792,HDFCBANK.NS
2018-07-25T00:00:00.000Z,541.1624755859375,544.2000122070312,540.0,542.5875244140625,501.3253479003906,7038616,HDFCBANK.NS
2018-07-26T00:00:00.000Z,541.25,550.8624877929688,541.25,548.1500244140625,506.4648742675781,21281092,HDFCBANK.NS
2018-07-27T00:00:00.000Z,550.4874877929688,552.9874877929688,546.1749877929688,550.5374755859375,508.67071533203125,10554596,HDFCBANK.NS
2018-07-30T00:00:00.000Z,549.75,549.75,539.8499755859375,542.4749755859375,501.2213439941406,7169120,HDFCBANK.NS
2018-07-31T00:00:00.000Z,540.0,546.4749755859375,537.5125122070312,544.875,503.43878173828125,8860944,HDFCBANK.NS
2018-08-01T00:00:00.000Z,540.7000122070312,543.75,537.9249877929688,539.6749877929688,498.6342468261719,6071560,HDFCBANK.NS
2018-08-02T00:00:00.000Z,538.375,538.4249877929688,530.3375244140625,532.5499877929688,492.05120849609375,8905704,HDFCBANK.NS
2018-08-03T00:00:00.000Z,533.3875122070312,536.7625122070312,528.5,530.4124755859375,490.076171875,13604008,HDFCBANK.NS
2018-08-06T00:00:00.000Z,530.25,534.3499755859375,526.5250244140625,528.5750122070312,488.3784484863281,5744632,HDFCBANK.NS
2018-08-07T00:00:00.000Z,531.25,533.625,527.0,532.7249755859375,492.2127685546875,7428456,HDFCBANK.NS
2018-08-08T00:00:00.000Z,533.9625244140625,537.9500122070312,533.2625122070312,534.0875244140625,493.47174072265625,9945380,HDFCBANK.NS
2018-08-09T00:00:00.000Z,535.5,535.5,523.6624755859375,529.625,489.34857177734375,8944408,HDFCBANK.NS
2018-08-10T00:00:00.000Z,530.875,530.9500122070312,524.5,528.6124877929688,488.4130554199219,5442940,HDFCBANK.NS
2018-08-13T00:00:00.000Z,521.0,525.9874877929688,520.0,522.9124755859375,483.146484375,10054252,HDFCBANK.NS
2018-08-14T00:00:00.000Z,524.5,526.25,521.7999877929688,522.2750244140625,482.5574951171875,4935964,HDFCBANK.NS
2018-08-16T00:00:00.000Z,520.75,521.6749877929688,516.5999755859375,518.9249877929688,479.46234130859375,10625160,HDFCBANK.NS
2018-08-17T00:00:00.000Z,520.7249755859375,523.2625122070312,517.9124755859375,519.3375244140625,479.843505859375,6065328,HDFCBANK.NS
2018-08-20T00:00:00.000Z,518.75,526.9000244140625,518.75,524.0499877929688,484.19757080078125,7811136,HDFCBANK.NS
2018-08-21T00:00:00.000Z,524.5,528.0,523.1624755859375,524.0125122070312,484.1629943847656,7776320,HDFCBANK.NS
2018-08-23T00:00:00.000Z,526.25,526.75,519.2125244140625,519.9749755859375,480.4324951171875,12574552,HDFCBANK.NS
2018-08-24T00:00:00.000Z,517.75,523.4000244140625,516.5125122070312,517.4625244140625,478.1110534667969,9714628,HDFCBANK.NS
2018-08-27T00:00:00.000Z,519.25,522.125,517.5625,520.1124877929688,480.55950927734375,12574788,HDFCBANK.NS
2018-08-28T00:00:00.000Z,522.0,524.5625,519.7000122070312,523.7125244140625,483.88568115234375,9973532,HDFCBANK.NS
2018-08-29T00:00:00.000Z,523.0374755859375,523.5125122070312,518.1875,519.625,480.10906982421875,9873692,HDFCBANK.NS
2018-08-30T00:00:00.000Z,520.9000244140625,521.9749755859375,515.4625244140625,516.5250244140625,477.24481201171875,21827460,HDFCBANK.NS
2018-08-31T00:00:00.000Z,517.2999877929688,519.6875,514.5625,515.2999877929688,476.1130065917969,15771500,HDFCBANK.NS
2018-09-03T00:00:00.000Z,517.3499755859375,519.7374877929688,515.875,518.7625122070312,479.3121643066406,7661608,HDFCBANK.NS
2018-09-04T00:00:00.000Z,519.2249755859375,519.4874877929688,512.25,512.9500122070312,473.9416809082031,7130536,HDFCBANK.NS
2018-09-05T00:00:00.000Z,513.4500122070312,515.0499877929688,508.88751220703125,511.4624938964844,472.5672607421875,5641508,HDFCBANK.NS
2018-09-06T00:00:00.000Z,512.25,514.75,508.1499938964844,513.0499877929688,474.0340881347656,10402412,HDFCBANK.NS
2018-09-07T00:00:00.000Z,512.75,515.0,510.1875,514.2374877929688,475.1312561035156,5919300,HDFCBANK.NS
2018-09-10T00:00:00.000Z,513.75,513.75,506.2749938964844,510.2875061035156,471.4816589355469,8598592,HDFCBANK.NS
2018-09-11T00:00:00.000Z,511.57501220703125,512.0,498.5375061035156,500.1000061035156,462.06890869140625,18186536,HDFCBANK.NS
2018-09-12T00:00:00.000Z,500.4750061035156,505.3374938964844,497.38751220703125,502.9624938964844,464.7137145996094,12246008,HDFCBANK.NS
2018-09-14T00:00:00.000Z,504.9624938964844,509.3500061035156,504.73748779296875,507.3999938964844,468.8137512207031,10334672,HDFCBANK.NS
2018-09-17T00:00:00.000Z,505.32501220703125,505.73748779296875,497.0,498.04998779296875,460.17474365234375,9338220,HDFCBANK.NS
2018-09-18T00:00:00.000Z,498.7250061035156,502.4624938964844,495.23748779296875,497.29998779296875,459.4817810058594,9325736,HDFCBANK.NS
2018-09-19T00:00:00.000Z,498.7124938964844,499.5,489.125,490.3374938964844,453.048828125,16712264,HDFCBANK.NS
2018-09-21T00:00:00.000Z,493.4750061035156,499.9624938964844,477.54998779296875,492.5625,455.1046142578125,22610148,HDFCBANK.NS
2018-09-24T00:00:00.000Z,491.8125,493.04998779296875,478.75,481.42498779296875,444.8140563964844,13390792,HDFCBANK.NS
2018-09-25T00:00:00.000Z,481.42498779296875,490.5,478.75,488.1000061035156,450.9814453125,16682552,HDFCBANK.NS
2018-09-26T00:00:00.000Z,490.73748779296875,494.5,488.82501220703125,492.04998779296875,454.63104248046875,14726724,HDFCBANK.NS
2018-09-27T00:00:00.000Z,492.3500061035156,496.5,488.7875061035156,494.0375061035156,456.4674377441406,18352208,HDFCBANK.NS
2018-09-28T00:00:00.000Z,495.1625061035156,503.86248779296875,494.2875061035156,501.51251220703125,463.3739929199219,14460716,HDFCBANK.NS
2018-10-01T00:00:00.000Z,502.45001220703125,510.5,499.45001220703125,508.86248779296875,470.1650085449219,12449588,HDFCBANK.NS
2018-10-03T00:00:00.000Z,507.61248779296875,513.0499877929688,501.75,507.7875061035156,469.1717834472656,15332148,HDFCBANK.NS
2018-10-04T00:00:00.000Z,502.0,504.45001220703125,485.75,489.4375,452.21722412109375,17970584,HDFCBANK.NS
2018-10-05T00:00:00.000Z,488.48748779296875,497.5,485.0375061035156,491.32501220703125,453.9612121582031,15729180,HDFCBANK.NS
2018-10-08T00:00:00.000Z,491.25,492.25,482.5,486.25,449.27215576171875,20128020,HDFCBANK.NS
2018-10-09T00:00:00.000Z,486.1000061035156,491.25,482.5,485.1499938964844,448.2557373046875,12459364,HDFCBANK.NS
2018-10-10T00:00:00.000Z,486.25,495.5625,483.875,491.7875061035156,454.38848876953125,15939932,HDFCBANK.NS
2018-10-11T00:00:00.000Z,481.25,487.07501220703125,479.3999938964844,484.38751220703125,447.55133056640625,14359904,HDFCBANK.NS
2018-10-12T00:00:00.000Z,486.25,499.2749938964844,485.5,495.4624938964844,457.7840576171875,9600320,HDFCBANK.NS
2018-10-15T00:00:00.000Z,497.5,502.70001220703125,492.57501220703125,502.01251220703125,463.8359375,12585968,HDFCBANK.NS
2018-10-16T00:00:00.000Z,500.75,504.54998779296875,496.875,498.1875,460.30181884765625,9406004,HDFCBANK.NS
2018-10-17T00:00:00.000Z,501.5249938964844,503.25,490.875,493.6499938964844,456.109375,7940796,HDFCBANK.NS
2018-10-19T00:00:00.000Z,489.7250061035156,495.2124938964844,489.5,491.9375,454.5271301269531,9867348,HDFCBANK.NS
2018-10-22T00:00:00.000Z,503.5,505.0,497.1499938964844,499.7250061035156,461.7223815917969,20331160,HDFCBANK.NS
2018-10-23T00:00:00.000Z,493.25,499.7250061035156,493.25,496.2124938964844,458.4770202636719,19428564,HDFCBANK.NS
2018-10-24T00:00:00.000Z,501.0,502.20001220703125,493.1499938964844,498.0625,460.1863098144531,18072336,HDFCBANK.NS
2018-10-25T00:00:00.000Z,493.3999938964844,500.8999938964844,490.61248779296875,492.20001220703125,454.76971435546875,29847056,HDFCBANK.NS
2018-10-26T00:00:00.000Z,492.20001220703125,494.29998779296875,487.25,490.29998779296875,453.0141296386719,15155712,HDFCBANK.NS
2018-10-29T00:00:00.000Z,491.0249938964844,491.23748779296875,473.79998779296875,481.57501220703125,444.95269775390625,17044280,HDFCBANK.NS
2018-10-30T00:00:00.000Z,481.25,483.0,474.82501220703125,478.1875,441.82281494140625,13828704,HDFCBANK.NS
2018-10-31T00:00:00.000Z,475.51251220703125,479.4750061035156,471.25,477.9375,441.5917663574219,23449404,HDFCBANK.NS
2018-11-01T00:00:00.000Z,482.5,482.5,474.0,478.04998779296875,441.69573974609375,19629052,HDFCBANK.NS
2018-11-02T00:00:00.000Z,481.5,490.0,478.0,487.36248779296875,450.300048828125,30092868,HDFCBANK.NS
2018-11-05T00:00:00.000Z,487.4750061035156,489.9125061035156,484.5,489.0,451.8130187988281,5705296,HDFCBANK.NS
2018-11-06T00:00:00.000Z,488.75,494.0,485.73748779296875,486.63751220703125,449.63018798828125,8485588,HDFCBANK.NS
2018-11-07T00:00:00.000Z,490.25,491.23748779296875,487.5,489.48748779296875,452.263427734375,958760,HDFCBANK.NS
2018-11-09T00:00:00.000Z,489.54998779296875,489.9750061035156,484.07501220703125,486.3500061035156,449.3645324707031,10101620,HDFCBANK.NS
2018-11-12T00:00:00.000Z,487.875,490.5,479.2875061035156,480.26251220703125,443.739990234375,7907764,HDFCBANK.NS
2018-11-13T00:00:00.000Z,479.75,484.42498779296875,477.04998779296875,481.9375,445.28759765625,13350420,HDFCBANK.NS
2018-11-14T00:00:00.000Z,484.63751220703125,490.0,484.1499938964844,489.4375,452.21722412109375,26110636,HDFCBANK.NS
2018-11-15T00:00:00.000Z,490.4750061035156,494.32501220703125,482.79998779296875,493.7875061035156,456.2364501953125,10392524,HDFCBANK.NS
2018-11-16T00:00:00.000Z,495.25,503.25,495.0,501.07501220703125,462.9696960449219,15813216,HDFCBANK.NS
2018-11-19T00:00:00.000Z,502.75,505.25,500.4750061035156,503.4750061035156,465.187255859375,12286428,HDFCBANK.NS
2018-11-20T00:00:00.000Z,503.25,504.8999938964844,499.76251220703125,503.11248779296875,464.852294921875,5705168,HDFCBANK.NS
2018-11-21T00:00:00.000Z,503.1875,505.98748779296875,501.0,504.6875,466.3074951171875,6545604,HDFCBANK.NS
2018-11-22T00:00:00.000Z,503.3125,508.75,500.0375061035156,501.375,463.24688720703125,12974552,HDFCBANK.NS
2018-11-26T00:00:00.000Z,503.4750061035156,513.0,503.01251220703125,512.4500122070312,473.47967529296875,18184436,HDFCBANK.NS
2018-11-27T00:00:00.000Z,510.26251220703125,516.9749755859375,510.1875,516.0,476.759765625,12895440,HDFCBANK.NS
2018-11-28T00:00:00.000Z,516.25,524.6500244140625,515.0250244140625,522.3125,482.5921630859375,13021108,HDFCBANK.NS
2018-11-29T00:00:00.000Z,525.25,534.3499755859375,523.5,532.7625122070312,492.2474670410156,31908636,HDFCBANK.NS
2018-11-30T00:00:00.000Z,532.5,534.3875122070312,527.5,532.1124877929688,491.6468811035156,13040924,HDFCBANK.NS
2018-12-03T00:00:00.000Z,532.75,535.5,526.7249755859375,528.3250122070312,488.1474304199219,10799856,HDFCBANK.NS
2018-12-04T00:00:00.000Z,526.3499755859375,527.75,519.6500244140625,521.3875122070312,481.737548828125,8157420,HDFCBANK.NS
2018-12-05T00:00:00.000Z,519.5,526.3250122070312,518.9874877929688,524.7999877929688,484.8904724121094,11798844,HDFCBANK.NS
2018-12-06T00:00:00.000Z,522.4249877929688,525.4124755859375,521.25,524.2625122070312,484.3939514160156,11730252,HDFCBANK.NS
2018-12-07T00:00:00.000Z,526.6749877929688,529.5,520.0750122070312,526.9000244140625,486.830810546875,9903920,HDFCBANK.NS
2018-12-10T00:00:00.000Z,516.4749755859375,526.2000122070312,516.4749755859375,522.1875,482.4767150878906,10915056,HDFCBANK.NS
2018-12-11T00:00:00.000Z,514.0,517.8250122070312,508.0,514.8875122070312,475.7318420410156,18905780,HDFCBANK.NS
2018-12-12T00:00:00.000Z,516.7374877929688,522.4500122070312,515.0250244140625,521.3250122070312,481.6798095703125,11370488,HDFCBANK.NS
2018-12-13T00:00:00.000Z,523.75,531.25,522.8250122070312,525.3250122070312,485.3755798339844,7064236,HDFCBANK.NS
2018-12-14T00:00:00.000Z,526.2249755859375,529.5,522.0125122070312,523.9249877929688,484.08203125,6158284,HDFCBANK.NS
2018-12-17T00:00:00.000Z,526.0,533.1500244140625,524.75,532.5499877929688,492.05120849609375,8437324,HDFCBANK.NS
2018-12-18T00:00:00.000Z,531.0,534.75,525.6500244140625,533.8624877929688,493.2637939453125,7413968,HDFCBANK.NS
2018-12-19T00:00:00.000Z,533.2750244140625,539.8499755859375,528.3875122070312,530.8624877929688,490.4919128417969,9009896,HDFCBANK.NS
2018-12-20T00:00:00.000Z,528.1375122070312,535.1124877929688,525.6624755859375,534.3624877929688,493.72576904296875,7980476,HDFCBANK.NS
2018-12-21T00:00:00.000Z,533.5,537.2750244140625,527.2625122070312,527.7874755859375,487.6508483886719,10220308,HDFCBANK.NS
2018-12-24T00:00:00.000Z,526.0,526.0,519.3375244140625,520.1624755859375,480.60565185546875,5601488,HDFCBANK.NS
2018-12-26T00:00:00.000Z,519.25,531.75,517.25,530.5875244140625,490.2378845214844,7601916,HDFCBANK.NS
2018-12-27T00:00:00.000Z,533.25,534.5499877929688,524.6124877929688,526.2625122070312,486.24188232421875,11639868,HDFCBANK.NS
2018-12-28T00:00:00.000Z,529.3375244140625,534.4375,528.875,530.7249755859375,490.3648986816406,9415612,HDFCBANK.NS
2018-12-31T00:00:00.000Z,534.25,534.25,529.1749877929688,530.4249877929688,490.0877380371094,5866528,HDFCBANK.NS
2019-01-01T00:00:00.000Z,531.9124755859375,537.75,526.4000244140625,537.0250244140625,496.1859436035156,6373440,HDFCBANK.NS
2019-01-02T00:00:00.000Z,535.7000122070312,536.875,529.9249877929688,532.125,491.6585388183594,8134232,HDFCBANK.NS
2019-01-03T00:00:00.000Z,531.0499877929688,532.0625,525.75,527.9500122070312,487.8009338378906,12771664,HDFCBANK.NS
2019-01-04T00:00:00.000Z,528.8125,532.125,527.5875244140625,529.3624877929688,489.1060485839844,7287120,HDFCBANK.NS
2019-01-07T00:00:00.000Z,531.9249877929688,533.8375244140625,529.5,530.1624755859375,489.8451232910156,5387012,HDFCBANK.NS
2019-01-08T00:00:00.000Z,530.5,530.875,524.1624755859375,525.75,485.7682800292969,8343460,HDFCBANK.NS
2019-01-09T00:00:00.000Z,529.5,530.3375244140625,525.6500244140625,529.2000122070312,488.95587158203125,8568628,HDFCBANK.NS
2019-01-10T00:00:00.000Z,529.25,530.9500122070312,523.1624755859375,527.125,487.0387268066406,7691540,HDFCBANK.NS
2019-01-11T00:00:00.000Z,528.4500122070312,531.0,527.0,527.9749755859375,487.82403564453125,6408040,HDFCBANK.NS
2019-01-14T00:00:00.000Z,527.4749755859375,527.4749755859375,524.6124877929688,525.4124755859375,485.4564208984375,4855160,HDFCBANK.NS
2019-01-15T00:00:00.000Z,526.2625122070312,531.625,525.5,530.4749755859375,490.1339111328125,5087556,HDFCBANK.NS
2019-01-16T00:00:00.000Z,530.0125122070312,531.25,527.0625,530.0499877929688,489.7412109375,5252452,HDFCBANK.NS
2019-01-17T00:00:00.000Z,531.3125,533.9749755859375,528.3375244140625,533.0750122070312,492.5362854003906,8240228,HDFCBANK.NS
2019-01-18T00:00:00.000Z,533.75,534.75,528.6375122070312,532.5625,492.0627136230469,5207976,HDFCBANK.NS
2019-01-21T00:00:00.000Z,534.9874877929688,541.625,531.625,537.0374755859375,496.1973571777344,17561512,HDFCBANK.NS
2019-01-22T00:00:00.000Z,536.5,536.7000122070312,532.2625122070312,533.9625244140625,493.35626220703125,8796976,HDFCBANK.NS
2019-01-23T00:00:00.000Z,533.5,533.9625244140625,525.3624877929688,526.3499755859375,486.3226318359375,7624288,HDFCBANK.NS
2019-01-24T00:00:00.000Z,527.5,530.4124755859375,524.4749755859375,525.5625,485.5951232910156,10111572,HDFCBANK.NS
2019-01-25T00:00:00.000Z,523.25,527.5,522.5,524.0,484.1513366699219,11262236,HDFCBANK.NS
2019-01-28T00:00:00.000Z,522.5,525.5125122070312,519.1875,521.0374755859375,481.41412353515625,15360436,HDFCBANK.NS
2019-01-29T00:00:00.000Z,519.5625,520.75,513.25,514.4000244140625,475.28143310546875,14762788,HDFCBANK.NS
2019-01-30T00:00:00.000Z,514.3125,514.3125,507.0,508.67498779296875,469.99176025390625,18514160,HDFCBANK.NS
2019-01-31T00:00:00.000Z,507.75,522.4375,505.5,519.9874877929688,480.4439392089844,16579404,HDFCBANK.NS
2026-08-04T00:00:00.000Z,753.2000122070312,753.2000122070312,738.0,742.0,742.0,31559802,HDFCBANK.NS
2026-08-05T00:00:00.000Z,733.7999877929688,741.9500122070312,732.5999755859375,735.0,735.0,60050538,HDFCBANK.NS
2026-08-06T00:00:00.000Z,739.0,740.5,733.5499877929688,734.2999877929688,734.2999877929688,44571498,HDFCBANK.NS
2026-07-31T00:00:00.000Z,753.9500122070312,757.5499877929688,747.2000122070312,748.1500244140625,748.1500244140625,25512663,HDFCBANK.NS
2026-08-10T00:00:00.000Z,731.5,733.2999877929688,728.5,732.2000122070312,732.2000122070312,5505714,HDFCBANK.NS
2026-08-07T00:00:00.000Z,733.0,736.0,728.2000122070312,731.0,731.0,19382042,HDFCBANK.NS
2026-08-07T00:00:00.000Z,733.0,736.0,728.2000122070312,731.0,731.0,19372672,HDFCBANK.NS
2026-08-07T00:00:00.000Z,733.0,736.0,728.2000122070312,731.0,731.0,19382042,HDFCBANK.NS
2026-08-03T00:00:00.000Z,753.0499877929688,755.4500122070312,750.25,753.5,753.5,4685185,HDFCBANK.NS
2026-08-07T00:00:00.000Z,733.0,736.0,728.2000122070312,731.0,731.0,19382042,HDFCBANK.NS
2026-08-07T00:00:00.000Z,733.0,736.0,728.2000122070312,731.0,731.0,19382042,HDFCBANK.NS
2026-08-07T00:00:00.000Z,733.0,736.0,728.2000122070312,731.0,731.0,19382042,HDFCBANK.NS
